card_id,name,score_date,horizon,p_buy,p_hold,p_sell,call,hist_days,days_since_release,is_new
510148,Hades,2026-10-01,21,0.01,0.883,0.107,hold,516,1140,FALSE
510152,Stitch,2026-10-01,21,0.01,0.96,0.03,hold,516,1140,FALSE
510153,Elsa,2026-10-01,21,0.01,0.971,0.019,hold,516,1140,FALSE
510154,Mickey Mouse,2026-10-01,21,0.01,0.956,0.034,hold,516,1140,FALSE
510155,Genie,2026-10-01,21,0.01,0.914,0.076,hold,516,1140,FALSE
510156,Mickey Mouse,2026-10-01,21,0.01,0.98,0.01,hold,514,1140,FALSE
510157,Aladdin,2026-10-01,21,0.01,0.757,0.233,hold,516,1140,FALSE
510158,Maui,2026-10-01,21,0.078,0.781,0.141,hold,516,1140,FALSE
510159,Aurora,2026-10-01,21,0.01,0.699,0.291,hold,514,1140,FALSE
510161,Belle,2026-10-01,21,0.01,0.656,0.334,hold,516,1140,FALSE
510162,Simba,2026-10-01,21,0.01,0.773,0.217,hold,516,1140,FALSE
510163,Tinker Bell,2026-10-01,21,0.053,0.889,0.058,hold,516,1140,FALSE
527797,Arthur,2026-10-01,21,0.021,0.775,0.203,hold,514,1049,FALSE
527798,Namaari,2026-10-01,21,0.01,0.946,0.044,hold,514,1049,FALSE
527799,Snow White,2026-10-01,21,0.01,0.791,0.199,hold,514,1049,FALSE
527800,Beast,2026-10-01,21,0.01,0.928,0.062,hold,514,1049,FALSE
527802,Cinderella,2026-10-01,21,0.01,0.858,0.132,hold,514,1049,FALSE
528107,Madam Mim,2026-10-01,21,0.01,0.912,0.078,hold,514,1049,FALSE
528108,Pete,2026-10-01,21,0.01,0.98,0.01,hold,514,1049,FALSE
528109,Lady Tremaine,2026-10-01,21,0.101,0.871,0.028,hold,514,1049,FALSE
528110,Shere Khan,2026-10-01,21,0.01,0.953,0.037,hold,514,1049,FALSE
528111,Alice,2026-10-01,21,0.01,0.958,0.032,hold,514,1049,FALSE
528112,Sisu,2026-10-01,21,0.01,0.714,0.276,hold,514,1049,FALSE
528113,Hercules,2026-10-01,21,0.013,0.749,0.238,hold,514,1049,FALSE
539156,Chernabog,2026-10-01,21,0.087,0.749,0.164,hold,500,951,FALSE
539157,Pride Lands,2026-10-01,21,0.01,0.87,0.12,hold,500,951,FALSE
539158,Jafar,2026-10-01,21,0.186,0.799,0.015,hold,486,951,FALSE
539159,Maleficent,2026-10-01,21,0.01,0.92,0.07,hold,486,951,FALSE
539162,The Sorcerer's Hat,2026-10-01,21,0.01,0.923,0.067,hold,500,951,FALSE
539163,Morph,2026-10-01,21,0.069,0.885,0.047,hold,500,951,FALSE
539164,Ursula,2026-10-01,21,0.474,0.504,0.021,hold,500,951,FALSE
539165,Kuzco's Palace,2026-10-01,21,0.012,0.97,0.018,hold,500,951,FALSE
539166,Captain Hook,2026-10-01,21,0.01,0.928,0.062,hold,500,951,FALSE
539167,RLS Legacy,2026-10-01,21,0.106,0.866,0.029,hold,500,951,FALSE
539168,Scrooge McDuck,2026-10-01,21,0.01,0.978,0.012,hold,500,951,FALSE
539169,Belle's House,2026-10-01,21,0.022,0.792,0.186,hold,510,951,FALSE
539171,Robin Hood,2026-10-01,21,0.01,0.906,0.084,hold,490,951,FALSE
539173,And Then Along Came Zeus,2026-10-01,21,0.115,0.861,0.024,hold,513,951,FALSE
539273,Kida,2026-10-01,21,0.012,0.958,0.029,hold,500,951,FALSE
539274,Peter Pan,2026-10-01,21,0.01,0.978,0.012,hold,500,951,FALSE
539275,Gramma Tala,2026-10-01,21,0.256,0.649,0.095,hold,500,951,FALSE
539276,Mickey Mouse,2026-10-01,21,0.01,0.937,0.053,hold,486,951,FALSE
550535,Diablo,2026-10-01,21,0.055,0.889,0.056,hold,514,867,FALSE
550536,The Wall,2026-10-01,21,0.012,0.962,0.026,hold,514,867,FALSE
550537,Minnie Mouse,2026-10-01,21,0.01,0.977,0.013,hold,514,867,FALSE
550538,Yen Sid,2026-10-01,21,0.01,0.978,0.012,hold,514,867,FALSE
550540,The Queen,2026-10-01,21,0.156,0.827,0.017,hold,514,867,FALSE
550541,We Don't Talk About Bruno,2026-10-01,21,0.133,0.811,0.056,hold,514,867,FALSE
550542,Goofy,2026-10-01,21,0.01,0.978,0.012,hold,514,867,FALSE
550544,Cinderella,2026-10-01,21,0.01,0.917,0.073,hold,514,867,FALSE
550549,Ariel,2026-10-01,21,0.01,0.641,0.349,hold,514,867,FALSE
550674,Anna,2026-10-01,21,0.01,0.942,0.048,hold,514,867,FALSE
550718,Look at This Family,2026-10-01,21,0.01,0.898,0.092,hold,514,867,FALSE
550719,Ariel’s Grotto,2026-10-01,21,0.01,0.921,0.068,hold,514,867,FALSE
550721,Piglet,2026-10-01,21,0.01,0.905,0.085,hold,514,867,FALSE
550838,Snuggly Duckling,2026-10-01,21,0.01,0.979,0.011,hold,514,867,FALSE
550839,Sisu,2026-10-01,21,0.223,0.719,0.058,hold,514,867,FALSE
550844,Ursula,2026-10-01,21,0.01,0.907,0.083,hold,514,867,FALSE
551943,Second Star to the Right,2026-10-01,21,0.01,0.921,0.069,hold,514,867,FALSE
551944,Jasmine,2026-10-01,21,0.01,0.934,0.056,hold,514,867,FALSE
559716,Donald Duck,2026-10-01,21,0.01,0.96,0.03,hold,514,783,FALSE
561976,Royal Tantrum,2026-10-01,21,0.014,0.673,0.313,hold,514,783,FALSE
561977,Archimedes,2026-10-01,21,0.01,0.95,0.04,hold,514,783,FALSE
561978,Bad-Anon,2026-10-01,21,0.017,0.923,0.06,hold,514,783,FALSE
561979,Revive,2026-10-01,21,0.01,0.918,0.072,hold,514,783,FALSE
561980,Scar,2026-10-01,21,0.01,0.917,0.073,hold,514,783,FALSE
561981,Arthur,2026-10-01,21,0.01,0.954,0.037,hold,514,783,FALSE
561982,Finders Keepers,2026-10-01,21,0.114,0.867,0.019,hold,514,783,FALSE
561983,You're Welcome,2026-10-01,21,0.01,0.946,0.044,hold,514,783,FALSE
561984,Robin Hood,2026-10-01,21,0.01,0.781,0.209,hold,514,783,FALSE
561991,Clarabelle,2026-10-01,21,0.045,0.88,0.074,hold,514,783,FALSE
561992,Vanellope von Schweetz,2026-10-01,21,0.01,0.965,0.025,hold,514,783,FALSE
561993,Prince Naveen,2026-10-01,21,0.09,0.679,0.231,hold,514,783,FALSE
561994,Olaf,2026-10-01,21,0.014,0.663,0.322,hold,514,783,FALSE
561995,King Candy,2026-10-01,21,0.01,0.86,0.13,hold,514,783,FALSE
562000,Ratigan's Party,2026-10-01,21,0.012,0.964,0.024,hold,514,783,FALSE
562007,Snow White,2026-10-01,21,0.012,0.916,0.072,hold,514,783,FALSE
562021,Mufasa,2026-10-01,21,0.01,0.924,0.066,hold,514,783,FALSE
590822,Wreck-It Ralph,2026-10-01,21,0.01,0.554,0.436,hold,513,685,FALSE
591994,Basil,2026-10-01,21,0.205,0.732,0.063,hold,513,685,FALSE
591998,You Came Back,2026-10-01,21,0.01,0.975,0.015,hold,513,685,FALSE
591999,Baymax,2026-10-01,21,0.01,0.895,0.095,hold,513,685,FALSE
592000,The Islands I Pulled From the Sea,2026-10-01,21,0.01,0.92,0.07,hold,513,685,FALSE
592001,Sugar Rush Speedway,2026-10-01,21,0.084,0.892,0.024,hold,513,685,FALSE
592012,We Could Be Immortals,2026-10-01,21,0.01,0.845,0.145,hold,513,685,FALSE
592013,Yzma,2026-10-01,21,0.362,0.54,0.099,hold,513,685,FALSE
592014,Captain Amelia,2026-10-01,21,0.01,0.98,0.01,hold,513,685,FALSE
592030,Chip 'n' Dale,2026-10-01,21,0.01,0.972,0.018,hold,513,685,FALSE
592031,Tiana,2026-10-01,21,0.141,0.557,0.301,hold,513,685,FALSE
592032,Rafiki,2026-10-01,21,0.01,0.978,0.013,hold,513,685,FALSE
592034,Maleficent's Staff,2026-10-01,21,0.226,0.713,0.061,hold,513,685,FALSE
592036,Raya,2026-10-01,21,0.279,0.624,0.097,hold,513,685,FALSE
592037,Tigger,2026-10-01,21,0.01,0.953,0.038,hold,513,685,FALSE
592038,Gadget Hackwrench,2026-10-01,21,0.01,0.891,0.099,hold,513,685,FALSE
592040,Daisy Duck,2026-10-01,21,0.011,0.913,0.075,hold,513,685,FALSE
593162,Treasure Mountain,2026-10-01,21,0.02,0.962,0.019,hold,513,685,FALSE
619733,Aurora,2026-10-01,21,0.01,0.848,0.142,hold,514,573,FALSE
619734,Mirabel Madrigal,2026-10-01,21,0.01,0.965,0.025,hold,514,573,FALSE
619735,Bolt,2026-10-01,21,0.167,0.796,0.038,hold,514,573,FALSE
619736,The Glass Slipper,2026-10-01,21,0.01,0.674,0.316,hold,514,573,FALSE
619737,Donald Duck,2026-10-01,21,0.01,0.968,0.022,hold,514,573,FALSE
619738,Jafar,2026-10-01,21,0.01,0.919,0.07,hold,514,573,FALSE
619739,Show Me More!,2026-10-01,21,0.01,0.938,0.053,hold,514,573,FALSE
619740,Tramp,2026-10-01,21,0.15,0.836,0.014,hold,514,573,FALSE
619741,Mad Hatter,2026-10-01,21,0.01,0.973,0.017,hold,514,573,FALSE
619742,Hiro Hamada,2026-10-01,21,0.013,0.954,0.033,hold,514,573,FALSE
619743,The Return of Hercules,2026-10-01,21,0.01,0.912,0.078,hold,514,573,FALSE
619744,Ratigan,2026-10-01,21,0.039,0.772,0.189,hold,514,573,FALSE
619745,Belle,2026-10-01,21,0.01,0.98,0.01,hold,514,573,FALSE
619746,Devil's Eye Diamond,2026-10-01,21,0.011,0.957,0.032,hold,514,573,FALSE
619747,Tamatoa,2026-10-01,21,0.084,0.886,0.03,hold,514,573,FALSE
619748,All Is Found,2026-10-01,21,0.01,0.975,0.015,hold,514,573,FALSE
619749,Mickey Mouse,2026-10-01,21,0.01,0.902,0.088,hold,514,573,FALSE
619750,Restoring Atlantis,2026-10-01,21,0.01,0.878,0.112,hold,514,573,FALSE
631975,Fantastical and Magical,2026-10-01,21,0.581,0.405,0.014,buy,471,489,FALSE
631988,Wrong Lever!,2026-10-01,21,0.059,0.912,0.03,hold,474,489,FALSE
631989,The Sword of Shan-Yu,2026-10-01,21,0.252,0.706,0.042,hold,474,489,FALSE
631990,Desperate Plan,2026-10-01,21,0.124,0.812,0.064,hold,471,489,FALSE
631992,It Means No Worries,2026-10-01,21,0.01,0.799,0.191,hold,474,489,FALSE
632208,Mother Gothel,2026-10-01,21,0.01,0.962,0.028,hold,474,489,FALSE
632228,Mushu,2026-10-01,21,0.01,0.692,0.298,hold,472,489,FALSE
632245,Kuzco,2026-10-01,21,0.01,0.971,0.019,hold,473,489,FALSE
632251,Captain Hook,2026-10-01,21,0.01,0.97,0.02,hold,473,489,FALSE
632252,Wreck-It Ralph,2026-10-01,21,0.01,0.974,0.016,hold,473,489,FALSE
632684,Lilo,2026-10-01,21,0.424,0.527,0.049,hold,474,489,FALSE
632686,Perdita,2026-10-01,21,0.01,0.961,0.029,hold,474,489,FALSE
632720,Into the Unknown,2026-10-01,21,0.01,0.973,0.017,hold,472,489,FALSE
633053,Lady,2026-10-01,21,0.16,0.824,0.016,hold,474,489,FALSE
633098,Jasmine,2026-10-01,21,0.279,0.664,0.057,hold,474,489,FALSE
633099,Bambi,2026-10-01,21,0.01,0.847,0.143,hold,473,489,FALSE
633103,Rapunzel,2026-10-01,21,0.01,0.979,0.011,hold,474,489,FALSE
633104,Stitch,2026-10-01,21,0.01,0.958,0.033,hold,472,489,FALSE
647656,Alice,2026-10-01,21,0.01,0.963,0.027,hold,391,398,FALSE
647657,Kuzco,2026-10-01,21,0.511,0.393,0.096,buy,391,398,FALSE
647659,Stand Out,2026-10-01,21,0.236,0.655,0.109,hold,391,398,FALSE
647660,Elsa,2026-10-01,21,0.01,0.93,0.06,hold,390,398,FALSE
647663,Mickey Mouse,2026-10-01,21,0.01,0.956,0.034,hold,389,398,FALSE
649230,Circle of Life,2026-10-01,21,0.01,0.904,0.086,hold,390,398,FALSE
649231,Powerline,2026-10-01,21,0.01,0.727,0.263,hold,391,398,FALSE
649236,Lilo,2026-10-01,21,0.01,0.967,0.023,hold,389,398,FALSE
650141,The Queen,2026-10-01,21,0.427,0.495,0.078,hold,391,398,FALSE
650142,Aurora,2026-10-01,21,0.013,0.877,0.109,hold,391,398,FALSE
650143,Stitch,2026-10-01,21,0.01,0.872,0.118,hold,391,398,FALSE
650145,Ursula,2026-10-01,21,0.014,0.946,0.04,hold,390,398,FALSE
650147,Goofy,2026-10-01,21,0.012,0.792,0.196,hold,391,398,FALSE
650149,Pegasus,2026-10-01,21,0.085,0.57,0.345,hold,391,398,FALSE
650150,Max Goof,2026-10-01,21,0.405,0.537,0.058,hold,391,398,FALSE
650151,Powerline,2026-10-01,21,0.304,0.607,0.089,hold,391,398,FALSE
650152,Be King Undisputed,2026-10-01,21,0.113,0.795,0.092,hold,391,398,FALSE
650153,Anna,2026-10-01,21,0.01,0.781,0.209,hold,390,398,FALSE
650154,The Queen,2026-10-01,21,0.441,0.494,0.065,hold,391,398,FALSE
650155,Robin Hood,2026-10-01,21,0.439,0.43,0.131,buy,391,398,FALSE
650156,Mickey Mouse,2026-10-01,21,0.01,0.915,0.075,hold,391,398,FALSE
650157,One Last Hope,2026-10-01,21,0.354,0.577,0.069,hold,391,398,FALSE
651106,Minnie Mouse,2026-10-01,21,0.01,0.97,0.02,hold,388,398,FALSE
651107,Winnie the Pooh,2026-10-01,21,0.01,0.937,0.053,hold,390,398,FALSE
651108,Scar,2026-10-01,21,0.01,0.973,0.018,hold,392,398,FALSE
651110,Pongo,2026-10-01,21,0.01,0.967,0.023,hold,388,398,FALSE
651111,Mulan,2026-10-01,21,0.01,0.925,0.065,hold,385,398,FALSE
651112,Mickey Mouse,2026-10-01,21,0.01,0.964,0.026,hold,390,398,FALSE
651113,Max Goof,2026-10-01,21,0.01,0.956,0.034,hold,391,398,FALSE
651114,Jasmine,2026-10-01,21,0.01,0.931,0.059,hold,391,398,FALSE
651116,I2I,2026-10-01,21,0.01,0.92,0.07,hold,391,398,FALSE
651117,Hades,2026-10-01,21,0.01,0.891,0.099,hold,389,398,FALSE
651118,Genie,2026-10-01,21,0.01,0.958,0.032,hold,381,398,FALSE
651119,Dumbo,2026-10-01,21,0.01,0.973,0.017,hold,391,398,FALSE
651120,Cruella De Vil,2026-10-01,21,0.01,0.912,0.078,hold,390,398,FALSE
651121,Belle,2026-10-01,21,0.011,0.946,0.044,hold,391,398,FALSE
651122,Beast,2026-10-01,21,0.01,0.927,0.063,hold,388,398,FALSE
651123,Ariel,2026-10-01,21,0.01,0.928,0.062,hold,390,398,FALSE
657885,Ariel,2026-10-01,21,0.01,0.959,0.031,hold,321,328,FALSE
657888,Gaston,2026-10-01,21,0.03,0.667,0.303,hold,324,328,FALSE
657889,Hades,2026-10-01,21,0.01,0.969,0.021,hold,323,328,FALSE
658215,Demona,2026-10-01,21,0.01,0.972,0.018,hold,324,328,FALSE
658217,Megara,2026-10-01,21,0.406,0.498,0.096,hold,329,328,FALSE
658323,The Horned King,2026-10-01,21,0.34,0.607,0.053,hold,324,328,FALSE
658449,Simba,2026-10-01,21,0.01,0.947,0.043,hold,323,328,FALSE
658884,The Black Cauldron,2026-10-01,21,0.01,0.978,0.012,hold,322,328,FALSE
659443,Baloo,2026-10-01,21,0.01,0.861,0.129,hold,324,328,FALSE
660011,Spooky Sight,2026-10-01,21,0.011,0.907,0.082,hold,324,328,FALSE
660012,The Headless Horseman,2026-10-01,21,0.01,0.959,0.031,hold,324,328,FALSE
660013,The Horseman Strikes!,2026-10-01,21,0.102,0.69,0.208,hold,329,328,FALSE
660026,He Hurled His Thunderbolt,2026-10-01,21,0.01,0.792,0.198,hold,325,328,FALSE
660027,"Malicious, Mean, and Scary",2026-10-01,21,0.01,0.97,0.02,hold,324,328,FALSE
660028,"Next Stop, Olympus",2026-10-01,21,0.251,0.676,0.073,hold,327,328,FALSE
660029,Cinderella,2026-10-01,21,0.01,0.785,0.205,hold,324,328,FALSE
660030,Nick Wilde,2026-10-01,21,0.01,0.843,0.147,hold,323,328,FALSE
660031,The Sword of Hercules,2026-10-01,21,0.01,0.974,0.016,hold,323,328,FALSE
660035,Goliath,2026-10-01,21,0.084,0.67,0.246,hold,325,328,FALSE
660041,Can't Hold it Back Anymore,2026-10-01,21,0.01,0.913,0.077,hold,324,328,FALSE
660042,Lady Tremaine,2026-10-01,21,0.069,0.632,0.299,hold,323,328,FALSE
660043,Judy Hopps,2026-10-01,21,0.01,0.904,0.086,hold,323,328,FALSE
660044,The Horned King,2026-10-01,21,0.01,0.701,0.29,hold,324,328,FALSE
660173,Webby Vanderquack,2026-10-01,21,0.018,0.884,0.098,hold,324,328,FALSE
660188,Elsa,2026-10-01,21,0.01,0.916,0.074,hold,325,328,FALSE
660189,Merlin,2026-10-01,21,0.468,0.481,0.05,hold,325,328,FALSE
660190,Webby Vanderquack,2026-10-01,21,0.472,0.484,0.044,hold,325,328,FALSE
660191,Kaa,2026-10-01,21,0.41,0.372,0.218,buy,325,328,FALSE
660268,Tinker Bell,2026-10-01,21,0.01,0.886,0.104,hold,325,328,FALSE
660269,Aladdin,2026-10-01,21,0.018,0.887,0.095,hold,324,328,FALSE
660270,Kristoff,2026-10-01,21,0.362,0.499,0.139,hold,325,328,FALSE
660271,Sudden Scare,2026-10-01,21,0.013,0.874,0.113,hold,325,328,FALSE
660272,Robin Hood,2026-10-01,21,0.26,0.511,0.229,hold,325,328,FALSE
660359,Goofy,2026-10-01,21,0.01,0.951,0.039,hold,324,328,FALSE
660362,Mulan,2026-10-01,21,0.401,0.417,0.182,hold,325,328,FALSE
660363,Daisy Duck,2026-10-01,21,0.497,0.437,0.066,buy,325,328,FALSE
660364,Minnie Mouse,2026-10-01,21,0.01,0.945,0.045,hold,325,328,FALSE
660365,Goofy,2026-10-01,21,0.01,0.914,0.076,hold,323,328,FALSE
673068,Ohana Means Family,2026-10-01,21,0.01,0.918,0.072,hold,228,230,FALSE
673298,Pocahontas,2026-10-01,21,0.01,0.935,0.055,hold,228,230,FALSE
673300,Moana,2026-10-01,21,0.01,0.949,0.041,hold,228,230,FALSE
675279,Eeyore,2026-10-01,21,0.01,0.675,0.315,hold,229,230,FALSE
675280,Genie,2026-10-01,21,0.067,0.573,0.36,hold,230,230,FALSE
675395,Freeze the Vine,2026-10-01,21,0.011,0.911,0.078,hold,223,230,FALSE
675515,Elsa,2026-10-01,21,0.01,0.887,0.103,hold,221,230,FALSE
677142,Tiana,2026-10-01,21,0.213,0.703,0.084,hold,229,230,FALSE
677143,Grandmother Willow,2026-10-01,21,0.122,0.572,0.305,hold,239,230,FALSE
677144,Tigger,2026-10-01,21,0.01,0.868,0.122,hold,230,230,FALSE
677145,Anna,2026-10-01,21,0.01,0.937,0.053,hold,230,230,FALSE
677146,Aladdin,2026-10-01,21,0.406,0.538,0.056,hold,237,230,FALSE
677147,Mushu,2026-10-01,21,0.053,0.806,0.141,hold,229,230,FALSE
677148,Minnie Mouse,2026-10-01,21,0.01,0.921,0.069,hold,230,230,FALSE
677149,Hercules,2026-10-01,21,0.022,0.719,0.26,hold,230,230,FALSE
677150,Elsa,2026-10-01,21,0.019,0.879,0.102,hold,229,230,FALSE
677151,Goofy,2026-10-01,21,0.012,0.942,0.046,hold,229,230,FALSE
677152,Winnie the Pooh,2026-10-01,21,0.041,0.8,0.159,hold,233,230,FALSE
677153,Jiminy Cricket,2026-10-01,21,0.516,0.425,0.059,buy,231,230,FALSE
677154,Mickey Mouse,2026-10-01,21,0.028,0.854,0.118,hold,229,230,FALSE
677155,Donald Duck,2026-10-01,21,0.019,0.684,0.297,hold,229,230,FALSE
677156,Judy Hopps,2026-10-01,21,0.01,0.956,0.034,hold,230,230,FALSE
677157,Rapunzel,2026-10-01,21,0.463,0.483,0.054,hold,237,230,FALSE
677158,Lilo,2026-10-01,21,0.01,0.889,0.101,hold,226,230,FALSE
677159,Raging Storm,2026-10-01,21,0.01,0.817,0.173,hold,226,230,FALSE
677160,Anna,2026-10-01,21,0.01,0.94,0.05,hold,228,230,FALSE
677161,Colors of the Wind,2026-10-01,21,0.01,0.943,0.047,hold,225,230,FALSE
677162,Mulan,2026-10-01,21,0.012,0.927,0.06,hold,226,230,FALSE
677163,Tod,2026-10-01,21,0.01,0.973,0.017,hold,228,230,FALSE
677164,Negaduck,2026-10-01,21,0.29,0.636,0.074,hold,227,230,FALSE
677165,The Cold Never Bothered Me,2026-10-01,21,0.01,0.913,0.077,hold,228,230,FALSE
677166,Scrooge McDuck,2026-10-01,21,0.01,0.977,0.013,hold,227,230,FALSE
677167,Belle,2026-10-01,21,0.01,0.908,0.082,hold,228,230,FALSE
677168,Tamatoa,2026-10-01,21,0.01,0.878,0.112,hold,228,230,FALSE
677169,Angel,2026-10-01,21,0.01,0.945,0.045,hold,227,230,FALSE
677170,Darkwing Duck,2026-10-01,21,0.085,0.776,0.14,hold,227,230,FALSE
677171,Let's Get Dangerous,2026-10-01,21,0.011,0.799,0.19,hold,228,230,FALSE
690215,Three Arrows,2026-10-01,21,0.215,0.566,0.219,hold,143,146,TRUE
690216,Buzz Lightyear,2026-10-01,21,0.01,0.895,0.095,hold,143,146,TRUE
690217,Merida,2026-10-01,21,0.01,0.832,0.158,hold,143,146,TRUE
690555,Daisy Duck,2026-10-01,21,0.514,0.34,0.146,buy,142,146,TRUE
690556,What Else Can I Do?,2026-10-01,21,0.132,0.638,0.23,hold,143,146,TRUE
690747,You've Got a Friend in Me,2026-10-01,21,0.123,0.853,0.025,hold,143,146,TRUE
692088,Isabela Madrigal,2026-10-01,21,0.417,0.382,0.201,buy,142,146,TRUE
692089,Isabela Madrigal,2026-10-01,21,0.058,0.91,0.032,hold,143,146,TRUE
692090,Frozone,2026-10-01,21,0.131,0.78,0.089,hold,143,146,TRUE
692091,Touch the Sky,2026-10-01,21,0.131,0.774,0.095,hold,143,146,TRUE
692203,Woody,2026-10-01,21,0.228,0.502,0.271,hold,142,146,TRUE
692204,Rex,2026-10-01,21,0.2,0.493,0.308,hold,142,146,TRUE
692205,Mirage,2026-10-01,21,0.527,0.375,0.098,buy,142,146,TRUE
692206,Edna Mode,2026-10-01,21,0.515,0.343,0.143,buy,142,146,TRUE
692207,Doc,2026-10-01,21,0.304,0.491,0.205,hold,142,146,TRUE
692208,Buzz Lightyear,2026-10-01,21,0.246,0.458,0.295,hold,142,146,TRUE
692209,Donald Duck,2026-10-01,21,0.022,0.897,0.082,hold,142,146,TRUE
692210,Lyle Tiberius Rourke,2026-10-01,21,0.567,0.326,0.107,buy,142,146,TRUE
692211,Mr. Incredible,2026-10-01,21,0.541,0.35,0.109,buy,142,146,TRUE
692212,Kida,2026-10-01,21,0.47,0.307,0.223,buy,142,146,TRUE
692213,Bruno Madrigal,2026-10-01,21,0.548,0.337,0.115,buy,142,146,TRUE
692214,Minnie Mouse,2026-10-01,21,0.014,0.801,0.185,hold,143,146,TRUE
692215,Pocahontas,2026-10-01,21,0.386,0.378,0.236,buy,143,146,TRUE
692216,Incrediboy,2026-10-01,21,0.442,0.338,0.22,buy,143,146,TRUE
692217,Jessie,2026-10-01,21,0.231,0.671,0.098,hold,143,146,TRUE
692218,Luisa Madrigal,2026-10-01,21,0.035,0.895,0.07,hold,143,146,TRUE
692219,DunBroch Family Tapestry,2026-10-01,21,0.067,0.91,0.023,hold,143,146,TRUE
692220,Alien,2026-10-01,21,0.087,0.891,0.022,hold,143,146,TRUE
692221,Milo Thatch,2026-10-01,21,0.041,0.945,0.015,hold,143,146,TRUE
692222,The Family Scattered,2026-10-01,21,0.069,0.711,0.22,hold,143,146,TRUE
692223,Jack-Jack Parr,2026-10-01,21,0.023,0.86,0.117,hold,143,146,TRUE
692224,The Leviathan,2026-10-01,21,0.595,0.388,0.017,buy,143,146,TRUE
692225,Mr. Incredible,2026-10-01,21,0.03,0.712,0.259,hold,143,146,TRUE
692226,Zipper,2026-10-01,21,0.117,0.721,0.162,hold,143,146,TRUE
692227,Kida,2026-10-01,21,0.045,0.934,0.021,hold,143,146,TRUE
692228,Syndrome,2026-10-01,21,0.074,0.846,0.08,hold,143,146,TRUE
692229,Mrs. Incredible,2026-10-01,21,0.158,0.605,0.237,hold,143,146,TRUE
692235,Merida,2026-10-01,21,0.383,0.405,0.212,hold,142,146,TRUE
702665,Winnie the Pooh,2026-10-01,21,0.186,0.652,0.162,hold,76,76,TRUE
702666,Lilo & Stitch,2026-10-01,21,0.099,0.774,0.127,hold,69,76,TRUE
702667,Belle & Beast,2026-10-01,21,0.01,0.86,0.13,hold,64,76,TRUE
704700,Jasmine,2026-10-01,21,0.466,0.433,0.101,buy,76,76,TRUE
704701,Boo,2026-10-01,21,0.421,0.45,0.129,hold,77,76,TRUE
704702,Meilin Lee,2026-10-01,21,0.291,0.595,0.114,hold,77,76,TRUE
704703,Heihei,2026-10-01,21,0.528,0.38,0.091,buy,76,76,TRUE
704704,Mrs. Incredible,2026-10-01,21,0.518,0.403,0.079,buy,77,76,TRUE
704705,Mother Gothel,2026-10-01,21,0.535,0.376,0.089,buy,76,76,TRUE
704706,Kevin,2026-10-01,21,0.451,0.447,0.102,buy,76,76,TRUE
704707,Peter Pan,2026-10-01,21,0.513,0.369,0.119,buy,79,76,TRUE
704708,Randall Boggs,2026-10-01,21,0.465,0.435,0.1,buy,76,76,TRUE
704709,Sun Yee,2026-10-01,21,0.555,0.365,0.08,buy,76,76,TRUE
704710,Dash Parr,2026-10-01,21,0.456,0.422,0.122,buy,78,76,TRUE
704711,Henry J. Waternoose III,2026-10-01,21,0.523,0.332,0.144,buy,76,76,TRUE
704712,Roz,2026-10-01,21,0.364,0.517,0.119,hold,76,76,TRUE
704713,Hundred Acre Wood,2026-10-01,21,0.457,0.442,0.101,buy,76,76,TRUE
704714,Kronk,2026-10-01,21,0.532,0.37,0.098,buy,76,76,TRUE
704715,Mulan,2026-10-01,21,0.341,0.518,0.141,hold,79,76,TRUE
704716,Megavolt,2026-10-01,21,0.53,0.382,0.088,buy,76,76,TRUE
704717,Mike Wazowski,2026-10-01,21,0.15,0.674,0.176,hold,76,76,TRUE
704718,Pocahontas & Meeko,2026-10-01,21,0.013,0.945,0.042,hold,74,76,TRUE
704719,Woody & Buzz Lightyear,2026-10-01,21,0.127,0.823,0.05,hold,75,76,TRUE
704720,Sulley & Boo,2026-10-01,21,0.011,0.872,0.117,hold,73,76,TRUE
704721,The Madrigal Family,2026-10-01,21,0.098,0.84,0.063,hold,73,76,TRUE
704722,Merida,2026-10-01,21,0.035,0.767,0.198,hold,76,76,TRUE
704723,Aladdin & Genie,2026-10-01,21,0.01,0.96,0.03,hold,75,76,TRUE
704724,Peter Pan & Tinker Bell,2026-10-01,21,0.022,0.872,0.107,hold,79,76,TRUE
704725,Winnie the Pooh & Piglet,2026-10-01,21,0.01,0.941,0.049,hold,76,76,TRUE
704726,Maleficent & Diablo,2026-10-01,21,0.047,0.722,0.231,hold,76,76,TRUE
704727,Tod & Copper,2026-10-01,21,0.01,0.739,0.251,hold,76,76,TRUE
704728,Carl Fredricksen & Russell,2026-10-01,21,0.01,0.863,0.127,hold,75,76,TRUE
704729,Mickey Mouse & Minnie Mouse,2026-10-01,21,0.01,0.966,0.024,hold,76,76,TRUE
704730,Rapunzel & Flynn Rider,2026-10-01,21,0.034,0.949,0.017,hold,74,76,TRUE
704731,Meilin Lee,2026-10-01,21,0.021,0.868,0.111,hold,76,76,TRUE
704732,Dash Parr & Violet Parr,2026-10-01,21,0.029,0.82,0.15,hold,75,76,TRUE
704733,Darkwing Duck & Launchpad,2026-10-01,21,0.026,0.771,0.203,hold,76,76,TRUE
704734,Scar,2026-10-01,21,0.115,0.784,0.102,hold,74,76,TRUE
