card_id,mae,mape,last_actual_price,predicted_price_30d,lower_bound_30d,upper_bound_30d,tcgplayer_id,name,set_name,rarity
510148,3.71664215935601,0.05881293182480658,64.06,68.5943717956543,65.3751449584961,69.38679885864258,510148,Hades,The First Chapter,Enchanted
510152,5.350748792860244,0.03061654275488274,180.29,167.30817413330078,160.70201416015624,188.70639038085938,510152,Stitch,The First Chapter,Enchanted
510153,32.72434497070311,0.04991141518251952,651.21,702.2190856933594,687.4354919433594,756.8044982910156,510153,Elsa,The First Chapter,Enchanted
510154,2.482301045735684,0.017615009294536244,141.43,138.09425354003906,135.87667999267578,142.12619018554688,510154,Mickey Mouse,The First Chapter,Enchanted
510155,0.5772600589328353,0.008524007632415488,68.66,69.08548736572266,66.57329559326172,72.97940063476562,510155,Genie,The First Chapter,Enchanted
510156,1.6469190470377588,0.017463484870170316,96.04,91.7022476196289,89.76239395141602,92.93670501708985,510156,Mickey Mouse,The First Chapter,Enchanted
510157,1.301235806783041,0.02002441831459069,66.51,64.25830078125,61.80528945922852,68.36443481445313,510157,Aladdin,The First Chapter,Enchanted
510158,0.9611775309244787,0.010166071694576262,94.59,95.86965942382812,91.80514221191406,101.61300048828129,510158,Maui,The First Chapter,Enchanted
510159,2.2487839084201378,0.016613245910772213,134.21,138.39239501953125,137.2294464111328,143.160546875,510159,Aurora,The First Chapter,Enchanted
510161,4.8546630859374975,0.027157153403242408,177.36,184.9046630859375,183.4931640625,187.72763061523438,510161,Belle,The First Chapter,Enchanted
510162,4.191013356526693,0.041653110679299485,100.35,93.16050720214844,85.56057510375976,100.51528930664062,510162,Simba,The First Chapter,Enchanted
510163,12.190671003553604,0.08004356418592976,159.38,136.14410400390625,133.02415161132814,145.22039031982422,510163,Tinker Bell,The First Chapter,Enchanted
527797,0.20966119893391924,0.006456133916093414,32.47,32.779212951660156,31.5828914642334,34.83688735961914,527797,Arthur,Rise of the Floodborn,Enchanted
527798,0.27004994710286423,0.011194632553397917,23.95,24.59546661376953,24.36422824859619,25.436336517333984,527798,Namaari,Rise of the Floodborn,Enchanted
527799,0.25152256266275924,0.003687612472010665,68.09,68.23802947998047,66.90093383789062,72.06489105224614,527799,Snow White,Rise of the Floodborn,Enchanted
527800,0.6785564804077163,0.019410832646136345,35.36,33.8497314453125,32.42300643920898,42.77375030517579,527800,Beast,Rise of the Floodborn,Enchanted
527802,1.4157497558593783,0.009562534241012412,149.85,146.59498596191406,134.8673873901367,157.23165283203127,527802,Cinderella,Rise of the Floodborn,Enchanted
528107,2.5513193706936295,0.09492675216162633,27.28,29.440061569213867,27.879052543640135,32.616848754882824,528107,Madam Mim,Rise of the Floodborn,Enchanted
528108,1.8366978204515243,0.07371654703736034,24.01,27.18962287902832,26.053005981445313,27.99193859100342,528108,Pete,Rise of the Floodborn,Enchanted
528109,0.33585014936659086,0.012841767762109808,26.7,26.895809173583984,24.49824161529541,27.72573699951172,528109,Lady Tremaine,Rise of the Floodborn,Enchanted
528110,1.0072895779079865,0.02211474944792572,46.22,47.06174087524414,46.710533142089844,47.76415252685547,528110,Shere Khan,Rise of the Floodborn,Enchanted
528111,5.755662055121529,0.06204509722472193,90.11,99.5103530883789,97.26649627685546,128.97322540283204,528111,Alice,Rise of the Floodborn,Enchanted
528112,0.13295183054606194,0.003829791696162167,34.99666666666667,34.889198303222656,33.75458908081055,35.76851959228516,528112,Sisu,Rise of the Floodborn,Enchanted
528113,0.9486216083102761,0.028929039660776583,32.18,30.26057243347168,25.28503589630127,35.41068916320801,528113,Hercules,Rise of the Floodborn,Enchanted
539156,2.3466440480550137,0.046469002481296685,48.79,54.970008850097656,49.51959457397461,61.07261238098145,539156,Chernabog,Into the Inklands,Enchanted
539157,0.20717895719740131,0.01010759661416865,20.32,20.406023025512695,20.04286460876465,20.578954696655273,539157,Pride Lands,Into the Inklands,Enchanted
539158,2.695782349480523,0.057620699867809336,46.06,50.26664352416992,44.321648025512694,51.95831069946289,539158,Jafar,Into the Inklands,Enchanted
539159,0.21864798990885367,0.005847191792361755,37.22,37.826759338378906,37.128849029541016,37.99425926208496,539159,Maleficent,Into the Inklands,Enchanted
539162,0.42560987514919724,0.013266905128079572,32.33,31.359378814697266,30.642594146728516,32.03136444091797,539162,The Sorcerer's Hat,Into the Inklands,Enchanted
539163,1.9004782307942696,0.029090774125365263,65.09,67.7555923461914,67.64889144897461,73.19738464355468,539163,Morph,Into the Inklands,Enchanted
539164,5.183581047905816,0.08121532743351177,61.75,70.24577331542969,64.19683227539062,82.34365386962891,539164,Ursula,Into the Inklands,Enchanted
539165,0.11351028951009136,0.007547711733256943,14.79,15.287286758422852,14.837660789489746,17.19070510864258,539165,Kuzco's Palace,Into the Inklands,Enchanted
539166,1.5199569986131454,0.058846490131899035,24.64,24.965110778808594,22.557310104370117,31.276090240478517,539166,Captain Hook,Into the Inklands,Enchanted
539167,0.05718104298909511,0.003338197536793161,17.07,17.087482452392578,16.581185722351073,17.5621337890625,539167,RLS Legacy,Into the Inklands,Enchanted
539168,0.142768853081598,0.003120800293186913,46.0,45.80699157714844,45.472633361816406,47.31159973144531,539168,Scrooge McDuck,Into the Inklands,Enchanted
539169,0.08733844248453758,0.006088593582898977,14.46,14.171984672546387,13.891351699829102,15.02791624069214,539169,Belle's House,Into the Inklands,Enchanted
539171,9.289367770724827,0.14736356306006013,59.85,76.41217041015625,74.11539001464844,82.41914367675783,539171,Robin Hood,Into the Inklands,Enchanted
539173,0.3300972798665361,0.005812916850093553,56.24,56.621337890625,48.65701560974121,61.599038314819346,539173,And Then Along Came Zeus,Into the Inklands,Enchanted
539273,0.8997160983615454,0.02796612926107005,32.01,33.49457550048828,31.895969581604003,36.235036849975586,539273,Kida,Into the Inklands,Enchanted
539274,0.050191755506727394,0.0015896433911702938,31.53,31.60096549987793,31.34404754638672,32.114803314208984,539274,Peter Pan,Into the Inklands,Enchanted
539275,1.3700189904106987,0.06422238113754754,21.18,23.03404426574707,21.887461471557618,24.5901216506958,539275,Gramma Tala,Into the Inklands,Enchanted
539276,2.274905966016981,0.042816066748898346,54.19,49.929622650146484,48.53702583312988,51.458078765869146,539276,Mickey Mouse,Into the Inklands,Enchanted
550535,1.056041995578343,0.0181558959566421,57.48,59.80491638183594,58.36960220336914,64.49362182617189,550535,Diablo,Ursula's Return,Enchanted
550536,0.7710940390692816,0.06174823000893874,12.43,13.369637966156006,13.048307704925538,14.368057346343994,550536,The Wall,Ursula's Return,Enchanted
550537,0.7371092258029522,0.022283122752790326,33.15,34.0587043762207,33.35403823852539,34.55196914672852,550537,Minnie Mouse,Ursula's Return,Enchanted
550538,0.17446760219997787,0.006685298495824939,25.88,25.647830963134766,23.75921745300293,27.21001815795899,550538,Yen Sid,Ursula's Return,Enchanted
550540,1.9315655377705894,0.07936305985391359,24.29,26.96126937866211,26.07628002166748,27.599283981323243,550540,The Queen,Ursula's Return,Enchanted
550541,0.27954643291897247,0.010016107649137261,28.27,27.876697540283203,25.951580238342284,35.7771800994873,550541,We Don't Talk About Bruno,Ursula's Return,Enchanted
550542,0.5903334011501741,0.015557231254881962,38.22,36.9820442199707,34.84730987548828,39.98871612548828,550542,Goofy,Ursula's Return,Enchanted
550544,0.2348724975585938,0.006397273448344257,37.06,36.510162353515625,35.977169036865234,37.09645881652832,550544,Cinderella,Ursula's Return,Enchanted
550549,1.3682188568115228,0.01692030327688465,81.84666666666666,83.31767272949219,77.54952392578124,99.76756896972657,550549,Ariel,Ursula's Return,Enchanted
550674,0.5763730146620004,0.017856847095250265,33.01,31.4975528717041,30.85072841644287,32.90369415283203,550674,Anna,Ursula's Return,Enchanted
550718,0.8934387512207032,0.031906414459147575,28.79,26.644479751586914,25.96862087249756,28.15216808319092,550718,Look at This Family,Ursula's Return,Enchanted
550719,0.25587199020385754,0.019093039632674818,13.3,13.758615970611572,13.25728988647461,14.282222270965576,550719,Ariel's Grotto,Ursula's Return,Enchanted
550721,1.2874433780246315,0.04682234564724099,28.46,25.320898056030273,23.902054595947266,27.98395862579346,550721,Piglet,Ursula's Return,Enchanted
550838,0.3539059566921659,0.026565117456306707,13.19,13.750910758972168,13.233095169067383,14.176671981811523,550838,Snuggly Duckling,Ursula's Return,Enchanted
550839,0.9374395285712348,0.019062378095493864,48.89,50.35890197753906,49.76644515991211,51.71309280395508,550839,Sisu,Ursula's Return,Enchanted
550844,0.382522253248427,0.015646968468287677,24.93,23.85153579711914,22.201990127563477,24.587142753601075,550844,Ursula,Ursula's Return,Enchanted
551943,8.01337267388238,0.19552147129406564,39.51,52.6596794128418,48.95060768127441,67.86229934692385,551943,Second Star to the Right,Ursula's Return,Enchanted
551944,1.449098219129774,0.03198928411371045,47.026666666666664,43.409061431884766,40.77350997924805,47.103997802734376,551944,Jasmine,Ursula's Return,Enchanted
559716,0.7052561535305453,0.019383412861655226,36.63,37.212276458740234,36.58710861206055,38.43283462524414,559716,Donald Duck,Shimmering Skies,Enchanted
561976,0.5631311836242675,0.01876570021446495,29.8,30.672195434570312,29.311949729919434,33.099299621582034,561976,Royal Tantrum,Shimmering Skies,Enchanted
561977,0.5549999313354489,0.021812485110089,25.42666666666667,26.354860305786133,26.007800102233887,27.200818634033205,561977,Archimedes,Shimmering Skies,Enchanted
561978,0.4704278132120768,0.026660553733998376,17.28,18.49812126159668,17.562584495544435,18.7390926361084,561978,Bad-Anon,Shimmering Skies,Enchanted
561979,0.30384991963704405,0.01513689520977642,19.86,20.46211051940918,20.122646713256835,20.7449951171875,561979,Revive,Shimmering Skies,Enchanted
561980,4.171087172614203,0.08231404773044988,48.696666666666665,55.51277542114258,54.09164886474609,58.665900802612306,561980,Scar,Shimmering Skies,Enchanted
561981,0.9650496190389006,0.024147033913624747,39.193333333333335,41.265878677368164,40.44997291564941,43.305633544921875,561981,Arthur,Shimmering Skies,Enchanted
561982,4.807514732360839,0.09485657530473707,47.2,60.8281192779541,41.827169036865236,70.92433166503908,561982,Finders Keepers,Shimmering Skies,Enchanted
561983,0.7003521118164054,0.00783413459087574,89.23,90.1718521118164,88.77482299804687,90.23535385131837,561983,You're Welcome,Shimmering Skies,Enchanted
561984,1.9199545542399075,0.02985405380787333,61.22,67.69264602661133,64.29284286499023,73.52089385986328,561984,Robin Hood,Shimmering Skies,Enchanted
561991,3.2180692477756043,0.030493249028978278,98.78,112.19268035888672,111.25774383544922,117.80231475830078,561991,Clarabelle,Shimmering Skies,Enchanted
561992,3.0990155198838987,0.07994651947082733,40.15,34.13302421569824,32.98996162414551,36.5461483001709,561992,Vanellope von Schweetz,Shimmering Skies,Enchanted
561993,8.403999155680337,0.20579611966760067,37.96,51.00342559814453,48.9632869720459,52.509237670898436,561993,Prince Naveen,Shimmering Skies,Enchanted
561994,0.543743531121148,0.014369706528219079,38.26,37.78288459777832,36.462589263916016,39.69309616088867,561994,Olaf,Shimmering Skies,Enchanted
561995,3.220529332902696,0.12879720100179182,23.85,29.404674530029297,28.719004821777343,34.415337371826176,561995,King Candy,Shimmering Skies,Enchanted
562000,0.6961047380235459,0.04573704472610369,15.13,16.103628158569336,15.769529342651367,16.70500946044922,562000,Ratigan's Party,Shimmering Skies,Enchanted
562007,3.8627831853230803,0.06067575336235928,65.98,58.86203384399414,57.70028305053711,60.062509536743164,562007,Snow White,Shimmering Skies,Enchanted
562021,8.759136461046001,0.06516752494292684,129.96,144.4007568359375,140.69818115234375,149.4609588623047,562021,Mufasa,Shimmering Skies,Enchanted
590822,0.2929898533291284,0.012125743852102024,24.68,23.95322895050049,22.961333656311034,25.32499885559082,590822,Wreck-It Ralph,Azurite Sea,Enchanted
591994,0.8476781260172532,0.01583301388046745,52.7,55.067867279052734,50.21148910522461,56.975733566284184,591994,Basil,Azurite Sea,Enchanted
591998,0.7205001212226028,0.011956484953347458,62.17,63.28986167907715,57.2086296081543,71.35312728881837,591998,You Came Back,Azurite Sea,Enchanted
591999,0.4407155541314021,0.008045231187387775,55.05,55.66040802001953,54.3017692565918,57.41349411010742,591999,Baymax,Azurite Sea,Enchanted
592000,0.2687456190321187,0.010797945131480026,25.0,25.23001480102539,24.578240966796876,27.374565887451173,592000,The Islands I Pulled From the Sea,Azurite Sea,Enchanted
592001,0.08214477030436147,0.0031148999841633753,26.46,26.51383399963379,25.988807678222656,28.193918228149414,592001,Sugar Rush Speedway,Azurite Sea,Enchanted
592012,0.1711921556260831,0.00522011220734489,32.74,33.06336975097656,32.07795391082764,36.07148704528809,592012,We Could Be Immortals,Azurite Sea,Enchanted
592013,7.768773055182564,0.173838813781964,46.62,34.2729606628418,27.981758689880373,38.54534187316895,592013,Yzma,Azurite Sea,Enchanted
592014,0.6452740033467611,0.02301320694456502,27.686666666666667,29.270170211791992,28.765512466430664,30.203787231445315,592014,Captain Amelia,Azurite Sea,Enchanted
592030,0.7898919567531993,0.020834779082813778,37.72,40.049713134765625,37.992686080932614,42.698917388916016,592030,Chip 'n' Dale,Azurite Sea,Enchanted
592031,3.3178931376139302,0.0526719712655131,60.74,67.24614715576172,52.10519294738769,73.75929183959961,592031,Tiana,Azurite Sea,Enchanted
592032,0.4127193484836159,0.015127547373084553,27.24,27.873178482055664,26.51587543487549,33.01153755187988,592032,Rafiki,Azurite Sea,Enchanted
592034,1.0270584759182395,0.03604965867051067,27.8,29.88369369506836,29.35773983001709,30.839969635009766,592034,Maleficent's Staff,Azurite Sea,Enchanted
592036,5.920652114868164,0.14816222359669146,37.99,47.62683868408203,46.552547454833984,49.41731643676758,592036,Raya,Azurite Sea,Enchanted
592037,3.3899767379760744,0.06028449146912358,57.77,52.17765426635742,50.9625545501709,57.323937606811526,592037,Tigger,Azurite Sea,Enchanted
592038,0.14228512488471193,0.005393593376955275,26.62,26.420412063598633,25.42716407775879,28.446638298034667,592038,Gadget Hackwrench,Azurite Sea,Enchanted
592040,0.13320440928141342,0.004150645684225299,32.27,32.14286422729492,31.585013771057127,32.43507614135742,592040,Daisy Duck,Azurite Sea,Enchanted
593162,0.7421084664662679,0.04666626949174786,16.09,16.888463020324707,15.120698356628418,24.02265548706055,593162,Treasure Mountain,Azurite Sea,Enchanted
619733,0.6060337727864583,0.005505938430787767,109.72,110.96170043945312,109.20040893554688,112.7229995727539,619733,Aurora,Archazia's Island,Enchanted
619734,0.17932312011718565,0.0035614796550767925,50.09,50.16154479980469,49.685875701904294,50.593971252441406,619734,Mirabel Madrigal,Archazia's Island,Enchanted
619735,7.604630730523004,0.11984919493692113,60.5,74.48497009277344,70.14604187011719,80.12558212280274,619735,Bolt,Archazia's Island,Enchanted
619736,1.1824092610677088,0.033040402395822184,35.51,37.597808837890625,36.42287826538086,38.47901153564453,619736,The Glass Slipper,Archazia's Island,Enchanted
619737,0.5543169487847223,0.0065354077663987995,85.01,85.4595947265625,84.80221557617188,88.15486450195313,619737,Donald Duck,Archazia's Island,Enchanted
619738,6.596831390380858,0.12872021410030238,48.54,61.26858139038086,59.406497192382815,63.130669403076176,619738,Jafar,Archazia's Island,Enchanted
619739,0.4433884853786902,0.00842045636581033,52.3,53.08919143676758,49.60653991699219,55.63747062683106,619739,Show Me More!,Archazia's Island,Enchanted
619740,1.4052324422200542,0.015090119319339136,92.06,94.15473175048828,89.11545867919922,104.1448570251465,619740,Tramp,Archazia's Island,Enchanted
619741,0.37000200144449785,0.00882277274907552,42.79,42.63367462158203,42.232844543457034,44.49206657409668,619741,Mad Hatter,Archazia's Island,Enchanted
619742,3.1234417588975685,0.09764862184036548,30.93,36.20155334472656,34.30360984802246,37.64258804321289,619742,Hiro Hamada,Archazia's Island,Enchanted
619743,0.7898089421590171,0.01501269925036169,51.93,54.26110076904297,45.25077018737793,56.40167350769043,619743,The Return of Hercules,Archazia's Island,Enchanted
619744,1.6939569803873702,0.06415408026609143,26.08,28.34573745727539,26.189523696899414,31.761762619018555,619744,Ratigan,Archazia's Island,Enchanted
619745,2.1228598581949885,0.024846063115686896,85.64,87.81835556030273,79.56982498168945,89.95159378051758,619745,Belle,Archazia's Island,Enchanted
619746,0.5389386469523111,0.025639660761835263,21.19666666666667,20.540803909301758,19.706970596313475,21.35430145263672,619746,Devil's Eye Diamond,Archazia's Island,Enchanted
619747,12.19295413886176,0.07577541497387177,155.8,182.74472045898438,176.28563842773437,188.88871765136722,619747,Tamatoa,Archazia's Island,Enchanted
619748,0.20831939527723714,0.0019253716313298729,107.82,108.26030731201172,106.52814483642578,110.07907791137696,619748,All Is Found,Archazia's Island,Enchanted
619749,1.7262309400770386,0.026046261214447364,65.31,69.34987258911133,68.4029296875,77.09254608154298,619749,Mickey Mouse,Archazia's Island,Enchanted
619750,0.8987471042209207,0.025710896384842294,34.04,36.56196975708008,36.25957717895508,36.86436233520508,619750,Restoring Atlantis,Archazia's Island,Enchanted
631975,1.4412503051757812,0.04281522259368579,33.39,35.28434371948242,34.01772613525391,38.51120147705078,631975,Fantastical and Magical,Reign of Jafar,Enchanted
631988,5.406806316799588,0.10730956516997339,48.02,56.692867279052734,41.031459426879884,63.85033874511719,631988,Wrong Lever!,Reign of Jafar,Enchanted
631989,2.8331110877990726,0.12226693535777737,23.14,26.639537811279297,24.45993995666504,32.83928565979004,631989,The Sword of Shan-Yu,Reign of Jafar,Enchanted
631990,1.2025379765828437,0.03116885927169346,37.59,40.90708923339844,2.9966830968856817,51.03873100280762,631990,Desperate Plan,Reign of Jafar,Enchanted
631992,0.6336082000732441,0.006531807597553961,98.65,97.24321746826172,95.53173522949218,100.04381713867188,631992,It Means No Worries,Reign of Jafar,Enchanted
632208,0.3793158213297521,0.010041606375798932,37.82,38.54430389404297,37.31088638305664,47.548250961303715,632208,Mother Gothel,Reign of Jafar,Enchanted
632228,0.33177423604329687,0.004703055008618046,70.3,71.1380615234375,69.84464263916016,71.39674606323243,632228,Mushu,Reign of Jafar,Enchanted
632245,5.099084528605142,0.06685823411808764,74.63,83.5444107055664,79.0458755493164,90.61355895996094,632245,Kuzco,Reign of Jafar,Enchanted
632251,0.7704181993272561,0.019899336848223356,38.79,39.537025451660156,38.618487167358396,40.934797286987305,632251,Captain Hook,Reign of Jafar,Enchanted
632252,1.811310996161567,0.04846847566531129,37.2,40.31245231628418,39.48297882080078,42.469085693359375,632252,Wreck-It Ralph,Reign of Jafar,Enchanted
632684,0.893421646118162,0.011117944172579027,79.59,81.03231048583984,74.01757507324218,94.65863876342775,632684,Lilo,Reign of Jafar,Enchanted
632686,0.9110183376736113,0.01636092337596125,55.49,56.87579345703125,56.381221771240234,57.41982231140137,632686,Perdita,Reign of Jafar,Enchanted
632720,18.497406490749785,0.08245505219288637,217.88,248.43141174316406,236.0098419189453,260.85296630859375,632720,Into the Unknown,Reign of Jafar,Enchanted
633053,16.77349906073676,0.15070134628558413,108.93,130.2170867919922,124.52007369995117,136.8183578491211,633053,Lady,Reign of Jafar,Enchanted
633098,3.3790886383056646,0.027251298815421425,126.08,118.87331008911133,97.17503204345704,133.51184844970703,633098,Jasmine,Reign of Jafar,Enchanted
633099,0.4027542928059878,0.0060251639363177985,66.95,67.44242095947266,66.84025573730469,68.10479583740235,633099,Bambi,Reign of Jafar,Enchanted
633103,2.3372630615234375,0.018202378524532877,125.53,131.8214569091797,128.4718910217285,133.9824676513672,633103,Rapunzel,Reign of Jafar,Enchanted
633104,1.1050990956624331,0.009026999250787376,123.12,121.58819580078125,115.68585968017578,127.60858612060547,633104,Stitch,Reign of Jafar,Enchanted
647656,0.9588755381372238,0.2199167562311287,4.8,3.3433033227920532,2.8283268213272095,3.9661283016204836,647656,Alice,Fabled,Epic
647657,0.38255157619052466,0.08955200632360447,4.13,4.755135536193848,4.492612743377686,5.275228834152222,647657,Kuzco,Fabled,Epic
647659,0.30210519674089215,0.08652629602929013,3.6,3.1769964694976807,2.6738522052764893,3.565136432647705,647659,Stand Out,Fabled,Epic
647660,0.439922352049086,0.05141726611665485,8.626666666666667,7.743273019790649,7.040522289276123,8.205266952514648,647660,Elsa,Fabled,Epic
647663,56.45995586480041,0.03660271874150627,1612.0166666666669,1461.284423828125,1399.8096069335938,1486.4789794921876,647663,Mickey Mouse,Fabled,Iconic
649230,1.9822014702690955,0.01562889997810524,130.1,123.32040405273438,119.59418258666992,140.53203430175782,649230,Circle of Life,Fabled,Enchanted
649231,4.1926569264729805,0.04503557703048493,100.61,94.71139526367188,85.91355514526367,101.80352325439453,649231,Powerline,Fabled,Enchanted
649236,1.0339986979166644,0.012325741960046406,85.63,80.17333984375,78.9652473449707,84.895874786377,649236,Lilo,Fabled,Enchanted
650141,0.5691242622799344,0.23112512558442155,2.29,3.1048898696899414,2.9250033617019655,3.543517065048218,650141,The Queen,Fabled,Epic
650142,1.5965666404300267,0.10438825777281488,15.64,13.244221210479736,11.24337797164917,19.28085708618164,650142,Aurora,Fabled,Epic
650143,0.4014544900258383,0.07545921282394834,5.843333333333334,4.652933597564697,3.8727446794509888,5.100994014739991,650143,Stitch,Fabled,Epic
650145,0.27932989189359875,0.10133981413527261,2.81,2.3121113777160645,2.087751030921936,2.5142072916030886,650145,Ursula,Fabled,Epic
650147,0.42557210477193197,0.09887247630091717,4.206666666666667,4.871023178100586,4.118880271911621,5.5372072696685795,650147,Goofy,Fabled,Epic
650149,0.23040397527482764,0.05020695544535272,4.706666666666667,4.274186134338379,3.1882263898849486,4.844077730178834,650149,Pegasus,Fabled,Epic
650150,0.13994089910719135,0.02675101152101894,5.3,5.564160585403442,4.769280433654785,6.292373228073121,650150,Max Goof,Fabled,Epic
650151,0.3096516957812839,0.05684412043422771,5.6,4.948391675949097,4.161047554016113,5.344262790679932,650151,Powerline,Fabled,Epic
650152,0.1870700404908923,0.02464250645586251,7.79,7.324548244476318,7.010639095306397,8.026227283477784,650152,Be King Undisputed,Fabled,Epic
650153,1.6997298167546588,0.15706540662456656,13.53,7.4423394203186035,6.547140216827392,9.163877487182617,650153,Anna,Fabled,Epic
650154,0.09790158912870618,0.048972092555781485,1.97,2.2093629837036133,1.6024757742881774,2.803415679931641,650154,The Queen,Fabled,Epic
650155,0.21484912310706245,0.06620388560785566,3.16,2.905029535293579,2.168012833595276,3.9675168275833146,650155,Robin Hood,Fabled,Epic
650156,0.05144687562518649,0.013733245319864007,3.7533333333333334,3.7819697856903076,3.3530566453933717,4.4137472152709964,650156,Mickey Mouse,Fabled,Epic
650157,0.2554554622968038,0.07649686216547259,3.4566666666666666,2.975449800491333,2.665896248817444,3.410425925254822,650157,One Last Hope,Fabled,Epic
651106,16.62631228298612,0.0193282232930505,868.73,815.2578735351562,814.6584228515625,827.2469482421875,651106,Minnie Mouse,Fabled,Iconic
651107,25.334765930175784,0.07843356982039086,350.28,287.4185333251953,261.2443878173828,308.95423889160156,651107,Winnie the Pooh,Fabled,Enchanted
651108,1.058645760430229,0.008528733047408515,127.03,123.48210906982422,121.0124641418457,127.12777175903321,651108,Scar,Fabled,Enchanted
651110,2.0250184868706587,0.02732125656785348,78.36333333333333,75.23831939697266,72.8654182434082,78.71086120605469,651110,Pongo,Fabled,Enchanted
651111,2.8217695787217894,0.04561344627650135,67.59,57.714176177978516,53.12602233886719,72.15480117797851,651111,Mulan,Fabled,Enchanted
651112,14.105698837280276,0.10648646998794502,140.71,116.47906875610352,106.5545753479004,126.16584854125976,651112,Mickey Mouse,Fabled,Enchanted
651113,5.1092269015842,0.057569628032032485,99.25333333333332,94.86252212524414,87.50005493164062,99.7708335876465,651113,Max Goof,Fabled,Enchanted
651114,1.300571604410806,0.014595197305348383,91.12,87.01256561279297,83.05038528442383,99.59831161499024,651114,Jasmine,Fabled,Enchanted
651116,2.4909920688205243,0.015368433603873743,167.95,165.26973724365234,160.19402923583985,169.60264587402344,651116,I2I,Fabled,Enchanted
651117,2.2684408196343306,0.011660227947868489,196.29,197.24773406982422,184.7031036376953,228.9394241333008,651117,Hades,Fabled,Enchanted
651118,3.2949489101833764,0.05321910605294068,65.58,54.3416633605957,49.80253524780274,67.12793731689453,651118,Genie,Fabled,Enchanted
651119,1.8182718573676226,0.007811609270301565,237.16,237.10293579101562,193.7408660888672,294.5630035400391,651119,Dumbo,Fabled,Enchanted
651120,1.7006264317830406,0.029503426808236078,60.39,60.28432846069336,59.24494552612305,61.739469146728524,651120,Cruella De Vil,Fabled,Enchanted
651121,5.237866126166449,0.034706266537068195,158.03,139.47900390625,136.94302368164062,144.6777786254883,651121,Belle,Fabled,Enchanted
651122,1.5093723424275731,0.02098691931693044,75.67,72.67898178100586,62.26444625854492,110.71710433959977,651122,Beast,Fabled,Enchanted
651123,11.404730499267584,0.0565198210623972,211.1,179.0096206665039,169.41981506347656,190.09117584228517,651123,Ariel,Fabled,Enchanted
657885,21.74555946180555,0.047547672404924364,467.59,422.0474853515625,418.0453155517578,429.6879913330078,657885,Ariel,Whispers in the Well,Iconic
657888,0.15595677704281286,0.08007526370819731,2.226666666666667,2.151277780532837,1.9813982844352722,2.5021502494812013,657888,Gaston,Whispers in the Well,Epic
657889,17.14268284098307,0.04163095623138042,444.77,433.307861328125,328.65992431640626,445.5712890625,657889,Hades,Whispers in the Well,Iconic
658215,7.407573689778648,0.04702846526413113,162.18,147.93568420410156,143.00448303222657,162.4886962890625,658215,Demona,Whispers in the Well,Enchanted
658217,0.09912318558163109,0.034946185335393634,2.74,3.0137712955474854,2.703658866882324,3.2452641487121583,658217,Megara,Whispers in the Well,Epic
658323,0.12240614551968049,0.04931214978399221,2.25,2.335603952407837,2.2192644119262694,2.5911983966827394,658323,The Horned King,Whispers in the Well,Epic
658449,1.2735031077067063,0.015398207611693948,83.64,79.60546875,74.22207641601562,89.39866256713867,658449,Simba,Whispers in the Well,Enchanted
658884,19.200575366550023,0.25163251685176957,81.25,51.36537742614746,41.90912132263183,60.130475234985354,658884,The Black Cauldron,Whispers in the Well,Enchanted
659443,0.6401329447428374,0.01704536349826196,38.81,38.48160934448242,38.1228832244873,39.720849227905276,659443,Baloo,Whispers in the Well,Enchanted
660011,5.3161338229709205,0.0359180545181705,153.69,136.59595489501953,123.16402130126953,146.27149810791016,660011,Spooky Sight,Whispers in the Well,Enchanted
660012,1.7047825334337015,0.013602880939882905,123.95,120.45751953125,104.79308853149413,147.62242584228517,660012,The Headless Horseman,Whispers in the Well,Enchanted
660013,1.6513788476520115,0.2028433514141205,8.02,6.369720220565796,4.296665644645691,8.51805305480957,660013,The Horseman Strikes!,Whispers in the Well,Epic
660026,0.18765583271450476,0.019707906902302515,9.64,9.414536476135254,8.934394073486327,12.766110897064218,660026,He Hurled His Thunderbolt,Whispers in the Well,Epic
660027,1.1919123297797298,0.016228413473346665,72.33,76.08702850341797,73.84064483642578,83.11601715087892,660027,"Malicious, Mean, and Scary",Whispers in the Well,Enchanted
660028,0.4982166849772123,0.009464143299978094,52.03,53.1879997253418,51.6176872253418,53.69455337524414,660028,"Next Stop, Olympus",Whispers in the Well,Enchanted
660029,4.942087198893233,0.02334073291678551,210.98,221.64370727539062,214.35680541992187,245.93343811035166,660029,Cinderella,Whispers in the Well,Enchanted
660030,3.186325252956815,0.06059842784363291,53.93,46.833492279052734,43.18899650573731,50.81859817504883,660030,Nick Wilde,Whispers in the Well,Enchanted
660031,1.1674316126505537,0.03121475821046408,36.68,39.293190002441406,37.770198822021484,42.978828048706056,660031,The Sword of Hercules,Whispers in the Well,Enchanted
660035,12.157674421522355,0.11545915907654411,101.87,112.23076248168945,92.55885543823243,138.0816726684571,660035,Goliath,Whispers in the Well,Enchanted
660041,1.7395526716444218,0.01904459535676977,88.81,92.5669059753418,74.05352783203125,111.1706039428712,660041,Can't Hold it Back Anymore,Whispers in the Well,Enchanted
660042,0.4425545179578994,0.010673693069342662,41.403333333333336,42.24528121948242,40.65242385864258,46.08890686035158,660042,Lady Tremaine,Whispers in the Well,Enchanted
660043,1.6292423570421002,0.02130984587918873,78.91,75.21674346923828,63.80969924926758,101.26863250732423,660043,Judy Hopps,Whispers in the Well,Enchanted
660044,1.9423843256632487,0.036652024881028956,51.68666666666667,56.950456619262695,53.93673973083496,75.91917190551759,660044,The Horned King,Whispers in the Well,Enchanted
660173,9.249794871012368,0.11434386406802818,75.92,94.95594787597656,90.18723068237304,110.18236389160157,660173,Webby Vanderquack,Whispers in the Well,Enchanted
660188,0.19419091786278614,0.04162329764534038,5.276666666666666,4.518083572387695,3.5806236267089844,5.381088066101075,660188,Elsa,Whispers in the Well,Epic
660189,0.3822630001174078,0.10629579729363393,3.816666666666667,3.0251821279525757,1.8982440829277039,3.5124442577362065,660189,Merlin,Whispers in the Well,Epic
660190,0.4917531828350491,0.09664954276506109,6.22,5.501898288726807,4.872236680984497,6.6328438282012945,660190,Webby Vanderquack,Whispers in the Well,Epic
660191,0.13380886178546486,0.07774175212721315,1.88,1.650788426399231,1.3980303168296815,1.9132213473320008,660191,Kaa,Whispers in the Well,Epic
660268,0.24128063689337848,0.04121791245357686,6.046666666666667,5.332302808761597,3.3743479728698733,6.502909851074219,660268,Tinker Bell,Whispers in the Well,Epic
660269,0.19284330431620275,0.10361620672551025,2.36,1.855226755142212,1.639693057537079,2.5973176002502445,660269,Aladdin,Whispers in the Well,Epic
660270,0.33405555121103914,0.1083325222965107,3.16,2.6382663249969482,2.285810446739197,3.009272575378418,660270,Kristoff,Whispers in the Well,Epic
660271,0.3977023937437268,0.09434731516836813,4.3933333333333335,4.658002853393555,3.8182504653930662,5.454018449783327,660271,Sudden Scare,Whispers in the Well,Epic
660272,0.17188739426930746,0.05057244835930059,3.3666666666666667,3.5123742818832397,2.6330859661102295,4.069097232818604,660272,Robin Hood,Whispers in the Well,Epic
660359,0.17387515046861435,0.08294736614930669,2.41,2.0227787494659424,1.7934818506240844,2.65517110824585,660359,Goofy,Whispers in the Well,Epic
660362,0.2053751637935638,0.1342796394737509,1.893333333333333,1.5493233799934387,1.2987156748771667,1.7665988326072692,660362,Mulan,Whispers in the Well,Epic
660363,0.14989367002911042,0.07738123654890315,2.2233333333333336,2.130174160003662,1.8622381329536437,2.487976956367493,660363,Daisy Duck,Whispers in the Well,Epic
660364,0.2268104359838698,0.09117784354506091,2.35,2.2035516500473022,1.9790699243545533,2.5749366998672487,660364,Minnie Mouse,Whispers in the Well,Epic
660365,1.8845492485894106,0.04223212367579189,47.06,39.76179504394531,39.4118896484375,41.70217018127441,660365,Goofy,Whispers in the Well,Enchanted
677143,4.060428590986464,0.2051285691179902,19.203333333333333,12.239045143127441,9.662404632568359,20.09780139923096,677143,Grandmother Willow,Winterspell,Epic
677146,6.896408239470587,3.0189305338213765,2.29,11.905296802520752,2.1708493136429752e-07,36.01209716796876,677146,Aladdin,Winterspell,Epic
677157,0.8334323652585347,0.28140985206997454,3.206666666666667,4.123241186141968,2.277326842659022e-07,18.53665714263916,677157,Rapunzel,Winterspell,Epic
