id,tcgplayer_id,name,version,set_name,rarity,true_value_usd,true_value_se,fair_structural_usd,fair_full_usd,fair_char_usd,delta_structural,delta_full,delta_char,premium_component,fame_premium,mispricing_pct,umap_x,umap_y
crd_ee5abfdfaa9d469e93dd20e1253ed1d0,660042,Lady Tremaine,Sinister Socialite,Whispers in the Well,Enchanted,46.2878592840512,0.10914842009842889,186.39394651447773,161.25319273432515,133.06704226103437,-1.3929827177235476,-1.2480960471627633,-1.0559733701482847,-0.1448866705607843,-0.1921226770144786,-0.6521463279145453,11.056785,6.8384643
crd_98e2f67c2ee14092be9f89b31f20db4e,590822,Wreck-It Ralph,Ham Hands,Azurite Sea,Enchanted,53.00939489847614,0.09446410723009657,131.77668915643787,151.41752286564756,138.94981855828047,-0.910639581070066,-1.0495719131025134,-0.9636436903034071,0.13893233203244737,-0.08592822279910653,-0.6184997184703619,13.014194,5.8152876
crd_b1ea1c67fc224e968a4906149590585c,592036,Raya,Kumandran Rider,Azurite Sea,Enchanted,36.26580390133292,0.1015306403857822,112.44585055257541,90.14228675927286,90.14228675927286,-1.131596521361761,-0.9105141299287798,-0.9105141299287798,-0.22108239143298114,0.0,-0.5976826725265842,11.637643,6.784413
crd_b8f5f89ae4fa49e29637b1fffd9c9e4c,592013,Yzma,Conniving Chemist,Azurite Sea,Enchanted,49.96629594617999,0.11767145214346446,114.583389760644,122.88913625933245,122.88913625933245,-0.8299541557121315,-0.8999339206472965,-0.8999339206472965,0.069979764935165,0.0,-0.5934034735117975,14.174,6.9543314
crd_cb38cec5fa8e49139bb0377111d6d048,561977,Archimedes,Electrified Owl,Shimmering Skies,Enchanted,46.95389585083745,0.09471943601173911,165.79275320109645,115.41865375739454,115.41865375739454,-1.2615723527402443,-0.8993998044254887,-0.8993998044254887,-0.36217254831475554,0.0,-0.5931862457039857,14.773186,6.4610624
crd_c9f08696c3cd44bf96e2a149bb3cfb12,539169,Belle's House,Maurice's Workshop,Into the Inklands,Enchanted,22.79498423795134,0.12221423888693858,58.852287887551725,54.841192061753794,54.841192061753794,-0.9484901873489187,-0.8779010693474887,-0.8779010693474887,-0.07058911800142997,0.0,-0.5843455734462683,10.135856,7.6619496
crd_ad5f241dfb68479189af1ac3802327d7,619750,Restoring Atlantis,,Archazia's Island,Enchanted,35.88580015929745,0.10638966983847778,86.69782195535444,84.87461882744144,84.87461882744144,-0.882087083338813,-0.86083341637142,-0.86083341637142,-0.02125366696739306,0.0,-0.5771904409696748,12.120233,10.250132
crd_68c45595c25041f3bcf2073a5b533edd,550844,Ursula,Sea Witch Queen,Ursula's Return,Enchanted,54.77350368766186,0.07205138326429936,97.79678311443872,140.68733846712902,127.90659244272528,-0.5796851163330041,-0.9433334028219988,-0.8480936833073969,0.3636482864889947,-0.09523971951460222,-0.5717695027159085,14.384217,5.8745213
crd_82807328c2514c0d8f22366b4720a583,677168,Tamatoa,Seeker of Shine,Winterspell,Enchanted,114.37554410532533,0.08518624336055942,220.21535422586655,220.0094686058187,260.8710957613686,-0.6551186696144269,-0.6541833037541629,-0.8245391185596773,-0.0009353658602639925,0.17035581480551418,-0.5615629866102523,11.617017,3.9839628
crd_45acf301d7e2469fb961cc1f06bd2889,551943,Second Star to the Right,,Ursula's Return,Enchanted,63.85098378102807,0.09405950405830452,125.15841685338906,137.75099612101587,137.75099612101587,-0.6730282796883031,-0.768895689325225,-0.768895689325225,0.09586740963692186,0.0,-0.5364753389882261,14.090355,9.92859
crd_d7a644695e604c958aee5d0ba8fa8415,561979,Revive,,Shimmering Skies,Enchanted,38.76239100136189,0.10590955867592274,80.3785888029601,78.8287210308132,78.8287210308132,-0.7292973598360244,-0.7098269380819464,-0.7098269380819464,-0.019470421754077982,0.0,-0.5082707102883207,11.888571,10.049112
crd_ec8ba95c2c20470ab00ef4f03c8db8ee,619749,Mickey Mouse,Inspirational Warrior,Archazia's Island,Enchanted,139.60137538515764,0.08708481551852135,126.77011864257135,236.59556269308555,283.03135968199996,0.09641568577035908,-0.5275611542923775,-0.7067666604923115,0.6239768400627366,0.1792055061999336,-0.5067635772162956,13.48416,5.089581
crd_ae2a969b746542268ff0bcfc735ea367,550536,The Wall,Border Fortress,Ursula's Return,Enchanted,20.72055984481503,0.10915596086724177,40.33846799138187,41.38633604997345,41.38633604997345,-0.66617911783375,-0.6918243426879802,-0.6918243426879802,0.025645224854230264,0.0,-0.49933814339604193,10.271719,7.484753
crd_2319774247e242a19dfa6a0fe584fff0,677163,Tod,Knows All the Tricks,Winterspell,Enchanted,126.85130585037456,0.0940730012772926,208.74865216395375,250.18056835257636,250.18056835257636,-0.49811532657298674,-0.6791673501211317,-0.6791673501211317,0.18105202354814498,0.0,-0.4929609973880762,13.219257,6.9555154
crd_9a1c82a2d3dd4ef898fb86f089242018,659443,Baloo,Carefree Bear,Whispers in the Well,Enchanted,84.77650938101695,0.10318709834538928,165.50879419446457,164.57243425507716,164.57243425507716,-0.6690058381254325,-0.6633323107001674,-0.6633323107001674,-0.005673527425265057,0.0,-0.4848681082907325,13.858406,6.724065
crd_26dd3cd037974467a3c4078d58f4ae25,528107,Madam Mim,Purple Dragon,Rise of the Floodborn,Enchanted,40.73470202128363,0.09815698159085813,110.39596054803326,78.18436433252283,78.18436433252283,-0.996993185252709,-0.6519893242807306,-0.6519893242807306,-0.3450038609719783,0.0,-0.47899170928810675,14.646611,5.5739007
crd_c43f19388b414266aeddb6cd78f7c020,619744,Ratigan,Nefarious Criminal,Archazia's Island,Enchanted,46.684140765609534,0.121860001260094,124.7192436631744,88.96140107688633,88.96140107688633,-0.9826606516210279,-0.6447980710620924,-0.6447980710620924,-0.3378625805589355,0.0,-0.4752315026461644,11.56366,7.1020207
crd_51faef6e502845188f6fee9429829df2,660365,Goofy,Galumphing Gumshoe,Whispers in the Well,Enchanted,81.22241519738841,0.11934864695692833,151.79208042843464,173.5436004314591,154.685692269076,-0.6253204342079144,-0.7592376088313211,-0.6442040080514211,0.1339171746234067,-0.11503360077990012,-0.47491966447613077,12.384569,6.3948526
crd_248b8f0ae7a84f368e48086307f50ff7,634261,Jafar,High Sultan of Lorcana,Promo Set 2,Enchanted,96.90778958353721,0.055755192570292815,73.510883500668,172.75415864556356,183.70068138604537,0.27632643342897634,-0.5781096320347592,-0.6395477979221011,0.8544360654637355,0.061438165887342355,-0.4724690793068626,14.020612,5.8584094
crd_7ad03b4873f042bcae4da820a7061ba4,539275,Gramma Tala,Spirit of the Ocean,Into the Inklands,Enchanted,38.99365901089554,0.10238605756122716,89.611311447045,72.06976646969422,72.06976646969422,-0.8320825123951008,-0.6142355851586179,-0.6142355851586179,-0.2178469272364829,0.0,-0.4589456727698345,11.732576,4.8436646
crd_34dd94ad32194a96931c9e2ff311ad26,550538,Yen Sid,Powerful Sorcerer,Ursula's Return,Enchanted,51.26167468158237,0.11346469755576073,110.34566670280732,90.7781762413503,90.7781762413503,-0.7666744725252581,-0.5714755162123861,-0.5714755162123861,-0.19519895631287199,0.0,-0.43530838794013793,14.306468,6.3630695
crd_5547bd08bb6344d4bcd03d37e415c75f,660027,"Malicious, Mean, and Scary",,Whispers in the Well,Enchanted,74.08541983513835,0.164703852772475,154.73061583726667,131.00459267800187,131.00459267800187,-0.7364668929872185,-0.5700136316141791,-0.5700136316141791,-0.1664532613730394,0.0,-0.43448227027250874,13.252414,9.704721
crd_c607f55525894e1bbdb8121eed6bf886,660173,Webby Vanderquack,Junior Prospector,Whispers in the Well,Enchanted,58.2758142318939,0.1137317670867072,105.17287480609905,102.77614865936224,102.77614865936224,-0.5904182659501478,-0.5673661521112168,-0.5673661521112168,-0.02305211383893102,0.0,-0.4329830900256706,13.280507,7.50006
crd_67714955a33e4508913f44b8ccb08e5c,528108,Pete,Bad Guy,Rise of the Floodborn,Enchanted,51.1787184131606,0.09051577327052415,122.80961650592072,90.1658254573761,90.1658254573761,-0.8753115333121428,-0.5663266904382427,-0.5663266904382427,-0.30898484287390016,0.0,-0.43239339124828174,12.92711,7.7777457
crd_08b670dabf3b4ff0a56cb4525b0b57db,651111,Mulan,Considerate Diplomat,Fabled,Enchanted,135.2898619257764,0.08172809810508579,199.30609799449948,265.93660770121676,236.1881594109942,-0.38742222177780583,-0.6758383614319143,-0.5572091709669769,0.2884161396541085,-0.11862919046493708,-0.42719456274538853,11.380626,4.9759526
crd_60630688715e45079236d447087a9a83,592001,Sugar Rush Speedway,Finish Line,Azurite Sea,Enchanted,26.95681359546235,0.11251706051588593,42.1718636912059,45.924603474727704,45.924603474727704,-0.44751717251885514,-0.5327649078919934,-0.5327649078919934,0.08524773537313823,0.0,-0.41302022106088127,10.252783,7.4580164
crd_a728498e9f554bb2b5e4fd82595ed11e,631975,Fantastical and Magical,,Reign of Jafar,Enchanted,69.1445526392863,0.14645426871470157,183.91849660364647,115.09566828745747,115.09566828745747,-0.9782934272319288,-0.509564401676335,-0.509564401676335,-0.4687290255555938,0.0,-0.39924278934117524,13.956441,10.084529
crd_8dbe711cfb4541309eb32cf37fe48997,561991,Clarabelle,Light on Her Hooves,Shimmering Skies,Enchanted,68.38277032018868,0.09137295698781772,138.5176484545112,109.73961310155985,109.73961310155985,-0.7058768461800451,-0.47298950903912207,-0.47298950903912207,-0.23288733714092302,0.0,-0.3768633915548525,13.110703,7.1556263
crd_9c2a04a39aee4b989bf2b1f18bf923ba,561995,King Candy,Sweet Abomination,Shimmering Skies,Enchanted,52.373774415599314,0.10498835441716722,124.90518244565982,83.770181692416,83.770181692416,-0.8691489312411922,-0.4696711393180677,-0.4696711393180677,-0.3994777919231245,0.0,-0.3747921592446435,11.077814,4.769539
crd_eb10018264004dc59f9bf0f31295d757,592014,Captain Amelia,Commander of the Legacy,Azurite Sea,Enchanted,31.200856759318665,0.11158603549322481,76.54267677285031,49.06752183233726,49.06752183233726,-0.897402896921712,-0.452751791449983,-0.452751791449983,-0.44465110547172904,0.0,-0.364124056113301,12.747391,5.1869116
crd_a9c86e6316084d76a03b32be95977091,510148,Hades,King of Olympus,The First Chapter,Enchanted,92.36660825326865,0.09322561451639787,106.72739898607908,126.19936467124124,143.95816108973145,-0.1445123798002701,-0.31209738500080864,-0.44375717857793084,0.16758500520053854,0.13165979357712249,-0.35837879871433587,11.985297,5.8347216
crd_ae4635bbf7ef4b4fb6a30c61f633fa0d,561976,Royal Tantrum,,Shimmering Skies,Enchanted,51.36423061455246,0.1300335368012105,88.22068846314905,79.92720632741361,79.92720632741361,-0.5408994708133745,-0.4421742717692201,-0.4421742717692201,-0.09872519904415444,0.0,-0.3573623679008102,11.895455,10.026265
crd_6d0b490fddd34aab828b26cb90a827d6,561992,Vanellope von Schweetz,Sugar Rush Princess,Shimmering Skies,Enchanted,78.20712068559796,0.11904093081179334,130.39376158016194,121.563561470062,121.563561470062,-0.5111981069388394,-0.44107656489565894,-0.44107656489565894,-0.07012154204318044,0.0,-0.35665655283669545,11.074249,5.8441625
crd_37f652aa15934d2b9bd7ad15eb18bbfb,592000,The Islands I Pulled From the Sea,,Azurite Sea,Enchanted,66.46253871140712,0.11026802927238566,119.51750973341336,102.81560077236183,102.81560077236183,-0.586824424318471,-0.43629863870775853,-0.43629863870775853,-0.1505257856107125,0.0,-0.35357535031519155,13.863866,9.638373
crd_dbecb4ca526f46ac8faa1a361f1c8bdf,619734,Mirabel Madrigal,Musically Talented,Archazia's Island,Enchanted,78.44170275417883,0.09356048414321115,127.5254062108379,121.07563579340429,121.07563579340429,-0.4859599003262298,-0.43405973069108494,-0.43405973069108494,-0.05190016963514488,0.0,-0.3521264436056587,14.063335,5.7501054
crd_306fb0ac65b44f289a2cbacac51ba9fe,559716,Donald Duck,Pie Slinger,Shimmering Skies,Enchanted,118.9556168316427,0.0844259061256944,111.44298164503675,191.81865809334596,183.47967386023848,0.06523737101806404,-0.4777999808793334,-0.43335343646483704,0.5430373518973974,-0.04444654441449661,-0.3516686926190284,10.904567,6.720656
crd_f799b47b4b894912a8d83942d0fa4d22,561983,You're Welcome,,Shimmering Skies,Enchanted,104.78606482804533,0.0835935767943667,107.14617615628637,160.12371283380372,160.12371283380372,-0.02227324060621072,-0.4240259278282341,-0.4240259278282341,0.4017526872220234,0.0,-0.3455930856611768,13.90968,9.652631
crd_c233fd3627b24b02bd616aa62bbdc83a,651110,Pongo,Determined Father,Fabled,Enchanted,188.1556847098543,0.07966148238968736,334.812050988474,284.12952531545807,284.12952531545807,-0.5762996022620497,-0.41216047895030883,-0.41216047895030883,-0.16413912331174085,0.0,-0.3377820045243369,11.120479,5.906711
crd_41acb92e0c494214949c72c409593b50,677158,Lilo,Rock Star,Winterspell,Enchanted,130.42548115291177,0.07506787093948526,191.51480874064114,182.77558312259893,196.66203788813144,-0.3841630978518813,-0.33745704054185843,-0.4106846737753065,-0.046706057310022864,0.07322763323344796,-0.3368039782690416,12.565169,6.605055
crd_656cd1bfb0084f92bfd003ca69b3b3c9,677171,Let's Get Dangerous,,Winterspell,Enchanted,99.85376982918288,0.12603948075089905,177.1485356881876,148.60546607821072,148.60546607821072,-0.5732817512609216,-0.39758810137102873,-0.39758810137102873,-0.1756936498898929,0.0,-0.32806125868458924,13.897418,9.497993
crd_42ef053d7aab445fa7b0a2bf2e028864,528113,Hercules,Divine Hero,Rise of the Floodborn,Enchanted,71.9232708883734,0.0658898827243757,88.5443903709683,105.2860597875109,105.2860597875109,-0.20790414370704635,-0.38108115602530646,-0.38108115602530646,0.1731770123182601,0.0,-0.31687755213245256,13.113896,5.1853404
crd_434537e486234e2095f03c19628e07d4,619742,Hiro Hamada,Armor Designer,Archazia's Island,Enchanted,73.32884280397558,0.11194400141096182,143.7931585322364,107.17679748187311,107.17679748187311,-0.673421846566101,-0.3795257624913422,-0.3795257624913422,-0.29389608407475887,0.0,-0.3158142011438834,11.2513,4.712468
crd_20f6a0577b714cf393648a074b1f0bb2,550540,The Queen,Diviner,Ursula's Return,Enchanted,52.85702707394069,0.17135707934962713,89.32115538848907,76.87062890927682,76.87062890927682,-0.5246476961846422,-0.3745331987058389,-0.3745331987058389,-0.15011449747880334,0.0,-0.3123898187912203,11.752082,4.783087
crd_5b53a4c5b3854ab0ba71dd388aaa0d9f,657885,Ariel,Ethereal Voice,Whispers in the Well,Iconic,1214.546317183933,0.07844906748764706,1199.6896710953843,1162.35862857186,1739.0284491084142,0.012307689637332864,0.04391936431246801,-0.35895598913652016,-0.03161167467513515,0.40287535344898806,-0.3015949119138211,13.303649,3.6190054
crd_66c2f5fd704b45bdbe79f585ac31d6fc,592034,Maleficent's Staff,,Azurite Sea,Enchanted,34.99606495206954,0.12423622957221647,52.76017943446395,49.983204238376175,49.983204238376175,-0.410521103571988,-0.356451408535686,-0.356451408535686,-0.05406969503630199,0.0,-0.2998435077277376,15.016427,7.7880692
crd_9c3f1e9961584a3ca4c8c32241d25d0b,528110,Shere Khan,Menacing Predator,Rise of the Floodborn,Enchanted,59.673895612010185,0.07874762290339121,85.70497613895733,84.80109882380003,84.80109882380003,-0.36201622320752946,-0.35141383519927594,-0.35141383519927594,-0.010602388008253527,0.0,-0.2963075191277794,11.346555,7.370005
crd_e8863a1965284a3bad897ee8614d2866,619735,Bolt,Superdog,Archazia's Island,Enchanted,94.3797933361405,0.0914576278871312,173.07846011486834,133.42319133478716,133.42319133478716,-0.6064180217650552,-0.3461989698624315,-0.3461989698624315,-0.26021905190262373,0.0,-0.29262827255179713,13.305062,5.1847777
crd_6155d5f7f7da4f3da02d755d51f10fa7,550674,Anna,True-Hearted,Ursula's Return,Enchanted,106.06297731772852,0.08458037673365244,92.73551899796672,133.08204762868348,149.39331812060072,0.13428148343214819,-0.2269327941530328,-0.3425495036085735,0.361214277585181,0.11561670945554044,-0.290042026965978,11.674803,5.0751123
crd_03fecbc6607a4948a586ccf4f0915c79,591994,Basil,Disguised Detective,Azurite Sea,Enchanted,38.67226323349629,0.10036934865375503,50.00365549830923,54.01969753378136,54.01969753378136,-0.2569734819600038,-0.3342261184343598,-0.3342261184343598,0.07725263647435598,0.0,-0.2841081124285733,13.204566,8.082659
crd_cfbcf752b5064d1e8abfc2a2c6d3e98a,631990,Desperate Plan,,Reign of Jafar,Enchanted,47.818389246126,0.12995507102157927,82.58203894024437,66.73193651113394,66.73193651113394,-0.546381932861383,-0.3332733688156839,-0.3332733688156839,-0.2131085640456991,0.0,-0.28342572168353436,12.0231085,9.830827
crd_f9edf9a591974716b2d7f02764f93737,528112,Sisu,Divine Water Dragon,Rise of the Floodborn,Enchanted,61.54797013464819,0.09585473326006189,93.01534614919632,92.1513699789232,85.57030859598187,-0.4129476189389054,-0.4036156778829092,-0.32952148782235824,-0.009331941055996218,-0.0740941900605507,-0.28073217048631405,12.245886,4.5297313
crd_ae57eb31413644379c43ec4208a4023b,561982,Finders Keepers,,Shimmering Skies,Enchanted,59.3188234997596,0.10356924269635567,95.31825796343212,81.77400079017917,81.77400079017917,-0.4742946924362137,-0.32103267037595806,-0.32103267037595806,-0.15326202206025563,0.0,-0.2746004484730601,11.832621,10.181591
crd_e08d7a85c4e84f1e83a7521ff9c15a89,528109,Lady Tremaine,Imperious Queen,Rise of the Floodborn,Enchanted,45.02588424385676,0.10407211190714932,97.49160971590179,88.205286545384,61.748397808775096,-0.7725287902829154,-0.6724293695506751,-0.31583049893274273,-0.10009942073224032,-0.3565988706179324,-0.270816963003725,11.534349,7.331431
crd_ad336bbf94b74813aa25312a57af4525,561981,Arthur,King Victorious,Shimmering Skies,Enchanted,64.06094242653789,0.0917186370491271,101.82691632879761,88.70913844905027,87.4942791328468,-0.4634396174882287,-0.3255280547964565,-0.31173855419191643,-0.13791156269177218,-0.01378950060453984,-0.2678270732504572,13.256856,5.9730935
crd_5413c96876fd4884861caaef3fcb58b5,660043,Judy Hopps,Lead Detective,Whispers in the Well,Enchanted,137.6346211272765,0.08557359721082652,172.97285822293293,181.43221177592287,181.43221177592287,-0.22853219242352107,-0.2762795942215588,-0.2762795942215588,0.047747401798037714,0.0,-0.24139919929289294,11.765299,4.0844464
crd_ae7e15af9559439ba734caac9aa567e5,592038,Gadget Hackwrench,Brilliant Bosun,Azurite Sea,Enchanted,48.11589363909809,0.10795478700307284,90.05487370730044,62.6304382802884,62.6304382802884,-0.6268066407735136,-0.26363884282243255,-0.26363884282243255,-0.363167797951081,0.0,-0.23174905109610985,11.453647,4.7161326
crd_40690491af114f2e810a6fd1c6ddcafa,539159,Maleficent,Mistress of All Evil,Into the Inklands,Enchanted,61.186716523125305,0.0919377253909796,91.94067317970375,79.54289307545481,79.54289307545481,-0.4072133966134217,-0.26236629601990025,-0.26236629601990025,-0.14484710059352146,0.0,-0.23077079350026583,14.699021,6.248893
crd_51bf217683f54e1bb4e6835392851031,539276,Mickey Mouse,Trumpeter,Into the Inklands,Enchanted,143.43870084273007,0.0796262568251536,85.5444303533519,163.83929328107874,185.95049483782455,0.5168718778828376,-0.13297825626372717,-0.2595727093931739,0.6498501341465648,0.1265944531294469,-0.22861888069817105,12.895176,5.297162
crd_24dfd54db49e4a5d8004c51d0882aa46,658884,The Black Cauldron,,Whispers in the Well,Enchanted,68.20830911877532,0.10148271806398304,88.49639059820458,88.30577755154816,88.30577755154816,-0.2603953749667731,-0.2582391443899299,-0.2582391443899299,-0.002156230576843221,0.0,-0.2275895076179021,15.257189,8.049202
crd_b3c4b83755bd417bb09f35ffea57cb68,677159,Raging Storm,,Winterspell,Enchanted,236.84901457462615,0.0810242486418499,256.83448493930183,305.6634059300215,305.6634059300215,-0.08100898113202959,-0.2550616470939646,-0.2550616470939646,0.17405266596193503,0.0,-0.2251312719166314,11.731469,10.268124
crd_b5e74b533270492982dff9472aee8664,539274,Peter Pan,Pirate's Bane,Into the Inklands,Enchanted,61.417773848711995,0.11231671666961082,100.8339882316674,79.23580068144256,79.23580068144256,-0.49577621401492067,-0.2547289558659438,-0.2547289558659438,-0.24104725814897687,0.0,-0.22487343700060117,11.654158,7.499276
crd_21bfac43fba64c06ab62139f3befd6c1,592040,Daisy Duck,Pirate Captain,Azurite Sea,Enchanted,68.26843523754583,0.10510071743974926,82.19531774410494,88.00324535194734,88.00324535194734,-0.1856508277275486,-0.25392618183593907,-0.25392618183593907,0.06827535410839047,0.0,-0.2242509356953484,13.1918125,7.961478
crd_f5d62175b09243eda1bf9f34ea01d884,651120,Cruella De Vil,Style Icon,Fabled,Enchanted,99.82318972575837,0.11991695186414901,159.45165613482538,127.83233078152783,127.83233078152783,-0.4683402616414378,-0.24731897115358503,-0.24731897115358503,-0.2210212904878528,0.0,-0.21910842808333486,11.272328,4.286256
crd_8b02499c992945e2990cb669d7468256,527798,Namaari,Morning Mist,Rise of the Floodborn,Enchanted,48.9751916873637,0.09569853525245799,80.78913246210283,62.675084202316945,62.675084202316945,-0.5005285794429266,-0.24665010971190515,-0.24665010971190515,-0.25387846973102146,0.0,-0.21858594510586707,13.134559,5.4863625
crd_b20587f1945e42d59b750f9b69cc4a6b,550537,Minnie Mouse,Musketeer Champion,Ursula's Return,Enchanted,116.41898482874898,0.12082536857697979,119.57497438763663,126.68079435262031,146.08596225539492,-0.026747953470033003,-0.08447487029428302,-0.22699960911374717,0.05772691682425002,0.1425247388194639,-0.20307890620442107,11.578249,6.1992474
crd_5eb205c36e0b4038a8a46aa47dd50b0f,677162,Mulan,Resourceful Recruit,Winterspell,Enchanted,139.45524068144462,0.0907475397797916,154.14807759744502,211.22963539078685,174.13819121341194,-0.10016998882179706,-0.4152021666272798,-0.22210549193244677,0.31503217780548276,-0.19309667469483266,-0.19916912131849504,13.417739,7.6449075
crd_d5432572fd3d4dfc95b01b682c71943c,592032,Rafiki,Ethereal Guide,Azurite Sea,Enchanted,67.60852730790911,0.09246758486595996,99.40462444395492,83.30606706001436,83.30606706001436,-0.38546451745976995,-0.20878726167264894,-0.20878726167264894,-0.176677255787121,0.0,-0.18843213112913623,14.617858,5.6163692
crd_9652fdf2822645ee91302352c74c9d6a,677167,Belle,Snowfield Strategist,Winterspell,Enchanted,244.69125001566437,0.07660471144259243,193.2020341231071,273.18431511500484,301.3559676522104,0.23626076149169695,-0.11014950251500366,-0.20829497099103822,0.3464102640067006,0.09814546847603431,-0.1880325054718736,11.112685,4.5461755
crd_70fa88bf3a35452b8178209944e8604a,660031,The Sword of Hercules,,Whispers in the Well,Enchanted,49.89882305881392,0.12291222894263289,69.93945492594982,60.93634304120991,60.93634304120991,-0.33763252166900726,-0.19983234610382228,-0.19983234610382228,-0.13780017556518498,0.0,-0.18113197201432907,15.191575,7.9812984
crd_8ef1d474eb68402e8d35e2aa3bce689a,677161,Colors of the Wind,,Winterspell,Enchanted,191.7052919122414,0.0849672712496777,216.8575745698924,232.82873904425855,232.82873904425855,-0.12328154482194087,-0.1943439028942544,-0.1943439028942544,0.07106235807231354,0.0,-0.17662530536747864,13.255486,9.789483
crd_580ca4f029554dd68409aac983fdae69,677164,Negaduck,Public Enemy Number One,Winterspell,Enchanted,100.34530684763492,0.10235092787215953,167.87758517839504,121.57275579088746,121.57275579088746,-0.5146177478369003,-0.19189559034483405,-0.19189559034483405,-0.32272215749206623,0.0,-0.17460695700412546,11.081316,6.300056
crd_1a8604b7ba6c45e2bc8b32b0a70d08b5,510156,Mickey Mouse,Artful Rogue,The First Chapter,Enchanted,141.077386538455,0.07940070959444945,69.78642072757486,151.38596321387993,170.39169043281737,0.7038691351267712,-0.07052404293628634,-0.18879126762207488,0.7743931780630575,0.11826722468578812,-0.17204068942505463,12.786682,7.357244
crd_3088ee50256240d0b22c045f593df9a8,550542,Goofy,Super Goof,Ursula's Return,Enchanted,87.98089501579834,0.076628694359435,112.05240372298877,131.59608793933117,105.93357645224538,-0.24184696343741408,-0.4026176027296504,-0.18569257163498687,0.16077063929223634,-0.21692503109466316,-0.16947111612473556,11.776448,7.0763593
crd_e382f2cee40343d7ae3faed897045a66,561980,Scar,Vengeful Lion,Shimmering Skies,Enchanted,122.07025535372223,0.08263512332635609,83.70652300100359,128.86293997355463,146.9390758973106,0.37727983497739004,-0.05415261616107614,-0.18542130865000406,0.4314324511384662,0.13126869248892778,-0.16924579382116245,12.689499,8.007573
crd_831e34ca1c2143dd82785500356c339e,660044,The Horned King,Wicked Ruler,Whispers in the Well,Enchanted,86.99375775964775,0.09810388116616135,130.94584166801332,104.12345239391746,104.12345239391746,-0.40894744914564907,-0.17974087122164306,-0.17974087122164306,-0.229206577924006,0.0,-0.16451331799357788,14.448569,6.45405
crd_0a53330fb9424adcab9e92d04aa428a0,632251,Captain Hook,The Pirate King,Reign of Jafar,Enchanted,81.42296167745089,0.10032255956783784,109.24100966428348,101.16568099853136,97.16584875240625,-0.29389922146742276,-0.21710226105139618,-0.1767619817248205,-0.07679696041602657,-0.040340279326575815,-0.16202078484458765,13.194667,6.492084
crd_c88d044f605440a29cbf41b7cdc7d340,561978,Bad-Anon,Villain Support Center,Shimmering Skies,Enchanted,20.73256048818931,0.13270735867629307,26.30800743282742,24.585185480175227,24.585185480175227,-0.23816792307712165,-0.17043861038722197,-0.17043861038722197,-0.06772931268989968,0.0,-0.15670514241564543,10.407202,7.755134
crd_8b81f6ba845442d095833d7c1bee3a6c,631989,The Sword of Shan-Yu,,Reign of Jafar,Enchanted,45.901535609095724,0.14213807613604063,61.99594973159901,54.41203264563886,54.41203264563886,-0.3005704839587726,-0.1700867456995825,-0.1700867456995825,-0.13048373825919013,0.0,-0.15640836452422546,15.095987,7.900362
crd_8ac9f95c19af4213b7c6aed341965206,550721,Piglet,Sturdy Swordsman,Ursula's Return,Enchanted,107.8047562014143,0.10842194916803856,115.61316124980222,127.54561992196021,127.54561992196021,-0.06992802329113523,-0.16815232580321027,-0.16815232580321027,0.09822430251207503,0.0,-0.15477492471026838,13.07666,5.850956
crd_db4137ebc57046a3ba7736adbdb01d44,632686,Perdita,Determined Mother,Reign of Jafar,Enchanted,174.55220913721791,0.07195225435889506,180.34714709305257,204.2149105694875,204.2149105694875,-0.03265969884334119,-0.15694903284731065,-0.15694903284731065,0.12428933400396946,0.0,-0.14525237823991483,11.490448,4.7752776
crd_19b1f802f23a4673aac60e04df0fb2ba,561994,Olaf,Happy Passenger,Shimmering Skies,Enchanted,129.40434248480688,0.0930520332801253,171.49662278731327,151.18532053217032,151.18532053217032,-0.2816216340909232,-0.15556443248587293,-0.15556443248587293,-0.1260572016050503,0.0,-0.1440680746695161,14.89455,5.4300814
crd_d0714091b2a14f478e2d7704c8eb50d8,550839,Sisu,Empowered Sibling,Ursula's Return,Enchanted,56.759085938671284,0.13172694424942796,96.31992109649566,73.56323771667888,65.55088087239933,-0.5288594141869538,-0.25932966521192746,-0.1440109001025247,-0.26952974897502635,-0.11531876510940262,-0.1341216901545849,11.964083,7.133451
crd_0a9db863f78c46429d3f1835d046bb2e,539171,Robin Hood,Champion of Sherwood,Into the Inklands,Enchanted,100.49398933225584,0.09717531317131546,98.76245354511254,114.92008391819817,115.56908847029814,0.01738041039229543,-0.13413904627093487,-0.13977060163301047,0.1515194566632303,0.005631555362075602,-0.1304423123655309,12.9749975,5.6820464
crd_ae42b2ab4e074f3e91c29d4ba2c3e601,539273,Kida,Protector of Atlantis,Into the Inklands,Enchanted,66.267022955953,0.1097143609865843,77.92124211190955,75.7730881328914,75.7730881328914,-0.16200621792968928,-0.13405080964402583,-0.13405080964402583,-0.027955408285663452,0.0,-0.12545437187760652,11.60079,6.1632247
crd_b73d08030c9646ab8a227158b8e453d4,673300,Moana,Curious Explorer,Winterspell,Iconic,1136.8631707764873,0.08112779441248222,1642.2640878805519,1296.0937614518075,1296.0937614518075,-0.36780296595387885,-0.13108207691072238,-0.13108207691072238,-0.23672088904315647,0.0,-0.12285422197924897,13.307674,3.5056958
crd_29df1d46e9f9463f9058c264f7b3bbd5,619739,Show Me More!,,Archazia's Island,Enchanted,66.89892304864104,0.12891911248040544,106.07008517213087,75.62583769781585,75.62583769781585,-0.46091718742048293,-0.122615124208596,-0.122615124208596,-0.33830206321188694,0.0,-0.11539594026112648,12.118434,10.308606
crd_7bd65d4574434dd3ba908203c8cea774,550718,Look at This Family,,Ursula's Return,Enchanted,63.859893853695006,0.11241628282449583,88.20119262756785,71.66323870592322,71.66323870592322,-0.32292895966259927,-0.11528638119195467,-0.11528638119195467,-0.2076425784706446,0.0,-0.1088890900430829,14.00713,9.963
crd_c343d1fc29f3491f95bb460c90e081a7,593162,Treasure Mountain,Azurite Sea Island,Azurite Sea,Enchanted,25.008123692549354,0.1032367377140373,29.809346472458678,27.88302779796363,27.88302779796363,-0.1756212645658981,-0.10881746128428427,-0.10881746128428427,-0.06680380328161384,0.0,-0.10310587954240176,10.622205,7.595658
crd_ee9f19ba64f54bf78ba3cf40e0cac256,539168,Scrooge McDuck,Richest Duck in the World,Into the Inklands,Enchanted,126.41536120991161,0.08147192631534686,130.94228951623938,124.55711918209134,139.37457775497865,-0.035183685203597825,0.014808603583565727,-0.09759210976091559,-0.04999228878716355,0.11240071334448132,-0.0929812075761006,11.6018095,5.2354136
crd_266d7d17b42a44be9472057e4e6dd1b1,539166,Captain Hook,Master Swordsman,Into the Inklands,Enchanted,68.66011312718959,0.09240889627195487,71.99919381546866,79.07204613918282,74.31629162601904,-0.047486486274491035,-0.14119097764301536,-0.07916176019975918,0.09370449136852432,-0.06202921744325605,-0.07610953634894703,11.413014,7.2988634
crd_8a558015ad0948f5be96f85dc60b3c76,660030,Nick Wilde,Persistent Investigator,Whispers in the Well,Enchanted,138.18168969244746,0.08001108713841178,119.65263156495121,148.07254485876877,148.07254485876877,0.1439766032150347,-0.0691329104514633,-0.0691329104514633,0.213109513666498,0.0,-0.06679736054887951,13.539519,6.058701
crd_3ecab24376cb4cd5989309e000f797c1,539158,Jafar,Striking Illusionist,Into the Inklands,Enchanted,90.40341975572339,0.09556344045215123,114.33149001095572,100.68094777713372,96.43349567576712,-0.23481994017584817,-0.10767448814173175,-0.06457151094173508,-0.12714545203411642,-0.04310297719999707,-0.0625309274312559,14.681206,6.1564684
crd_7c5be60911d844b48189f3a042abdcfa,539164,Ursula,Deceiver of All,Into the Inklands,Enchanted,89.29396236141032,0.08079290668200612,82.53969326461272,124.62047181810638,95.17802295039561,0.07865456674762594,-0.3333390183011078,-0.06381518892339422,0.41199358504873373,-0.26952382937771396,-0.06182163073561552,13.042109,7.900624
crd_35c968e4b25945e897940860221f9d51,510152,Stitch,Carefree Surfer,The First Chapter,Enchanted,186.63401977450584,0.07702959630135653,103.42463273530207,180.37667321197287,198.4781567692785,0.5903064243834111,0.03410229235272322,-0.06152946690745953,0.5562041320306879,0.09563175926018275,-0.05967476314555316,11.714797,5.9114313
crd_021c1d57c42d4fb7836097cbe9eacfb7,510161,Belle,Strange but Special,The First Chapter,Enchanted,157.0175413751055,0.08107973777499669,119.0368776408333,153.96156844580585,165.87719979159425,0.276924186365906,0.019654511888253623,-0.054890226696278965,0.25726967447765237,0.07454473858453299,-0.05341094754203636,12.134638,4.5054793
crd_ae7e91462bfc4861bbf97e99ed53a1c1,510155,Genie,On the Job,The First Chapter,Enchanted,118.77172998879307,0.0945899962773881,108.21883407964552,116.1320663691201,124.70584240218906,0.09304799700958277,0.02247536886837409,-0.048754287696439746,0.07057262814120868,0.07122965656481357,-0.04758487893660894,12.880502,7.2735953
crd_40a3f6d8de604ff085fa5629597780a3,673298,Pocahontas,Peacekeeper,Winterspell,Iconic,1038.4940468811433,0.0747868549162765,920.592045544049,1083.2506430647843,1083.2506430647843,0.12050992004591965,-0.04219474338469453,-0.04219474338469453,0.16270466343061418,0.0,-0.041316934792684244,13.432541,3.5040379
crd_6a4c5fe1b3b74110acd16d725f8cc3f6,619746,Devil's Eye Diamond,,Archazia's Island,Enchanted,39.68283488637522,0.12874187043982896,50.08733181145066,41.0294569550002,41.0294569550002,-0.23284939448820952,-0.03337154747714477,-0.03337154747714477,-0.19947784701106475,0.0,-0.03282086014694076,15.174863,7.9825616
crd_ac531a6c2f3046d3adcffbd1b1e5228e,619737,Donald Duck,Flustered Sorcerer,Archazia's Island,Enchanted,151.08217922245717,0.08645573304153291,114.20492187798904,176.51164075519574,153.9876719958839,0.27982952698536234,-0.15556290545073814,-0.019048625199499902,0.4353924324361005,-0.1365142802512381,-0.018868346639491877,14.505735,5.477382
crd_5615e8aef96941acb0e5cf1cfc8988c0,632252,Wreck-It Ralph,Big Lug,Reign of Jafar,Enchanted,100.57927931060107,0.09896445865105738,155.61604693947555,135.86952431231896,100.66693111989294,-0.43644547047479243,-0.30074877979687287,-0.0008710903390118929,-0.13569669067791956,-0.299877689457861,-0.0008707110499622027,11.925413,6.352848
crd_54bfc0bd37f44871a4ef50193d58ca2c,658449,Simba,King in the Making,Whispers in the Well,Enchanted,164.6589365814379,0.15377862126197328,163.00121268310434,129.28874712744337,162.66556979288126,0.01011864302776111,0.24182803076671355,0.012179909494741459,-0.23170938773895244,0.22964812127197246,0.012254386660279386,11.883764,6.377038
crd_f839f8a7cb9a47ae962503f3ea69bec5,510158,Maui,Hero to All,The First Chapter,Enchanted,118.92760168172168,0.07109321986409389,120.7358182044783,116.98898111277965,116.98898111277965,-0.015089919314738687,0.016435166899046116,0.016435166899046116,-0.0315250862137848,0.0,0.016570967201373892,11.925027,7.4380074
crd_c75fe9ce070a454696dd8d42c6931c68,592012,We Could Be Immortals,,Azurite Sea,Enchanted,103.6456226223071,0.09549008179459964,106.70558920251976,99.74172075595082,99.74172075595082,-0.029095933647989014,0.03839355330698524,0.03839355330698524,-0.06748948695497425,0.0,0.03914010944235047,13.423845,9.793934
crd_19431b87131547d98fef8a693077a77e,527797,Arthur,Wizard's Apprentice,Rise of the Floodborn,Enchanted,73.18467654111907,0.0923324809475741,110.41031791813046,76.8034310510173,69.98222621842089,-0.41121752669600564,-0.04826325211588944,0.04474476354024137,-0.3629542745801162,-0.09300801565613043,0.04576090953012895,14.568421,6.161078
crd_0bd8f734ff064b3881191b916f8354cf,539173,And Then Along Came Zeus,,Into the Inklands,Enchanted,65.37599271009564,0.0936094108297884,76.05607437746868,61.899550765790984,61.899550765790984,-0.15131578185871675,0.05464218488220496,0.05464218488220496,-0.2059579667409217,0.0,0.056162636098256266,13.507718,9.481592
crd_d08869cde8294b0b9f73d0f7192e2335,561984,Robin Hood,Sharpshooter,Shimmering Skies,Enchanted,126.45677288066449,0.1334309641846199,105.37039091443762,123.9886574995713,119.32664490168126,0.18241885788471102,0.019710443767264607,0.058035885558960665,0.1627084141174464,-0.038325441791695676,0.059753024857592124,10.830282,6.48245
crd_4690391667a14f42a7df8ef76771703d,562000,Ratigan's Party,Seedy Back Room,Shimmering Skies,Enchanted,27.887997449698446,0.10931074542646271,25.68678498063058,26.220371194843356,26.220371194843356,0.08221974076454552,0.06165976215903335,0.06165976215903335,0.020559978605512175,0.0,0.0636004060531018,10.414579,7.493726
crd_93ab5d88940f4610a375a928963a570f,550535,Diablo,Devoted Herald,Ursula's Return,Enchanted,74.3983188041217,0.12624920066705037,111.97567481218753,69.89964625283473,69.89964625283473,-0.40884831366427044,0.06237275639857387,0.06237275639857387,-0.4712210700628443,0.0,0.06435901742642289,12.989269,7.95731
crd_95167fa28eb2442c8d04fc67d2db7fa7,632684,Lilo,Causing an Uproar,Reign of Jafar,Enchanted,132.21458080063297,0.10874871500985053,165.0032496296259,124.64083671025332,122.8009318262969,-0.2215389535964496,0.05898991971978074,0.07386161098891897,-0.28052887331623033,-0.014871691269138527,0.07665779757804897,11.181106,6.56801
crd_54102dba80604a609eed679b7f33fad3,619733,Aurora,Waking Beauty,Archazia's Island,Enchanted,192.680038946928,0.07640982944082257,132.61504835364724,166.0153972583359,178.94757166568587,0.37358042575215844,0.14895044527130352,0.0739381166786961,0.22462998048085492,0.07501232859260704,0.07674017117649092,11.594897,5.7314534
crd_6826d906dfc147e89f475f146034e75f,619741,Mad Hatter,Unruly Eccentric,Archazia's Island,Enchanted,100.99900850015024,0.1023538705131379,134.3343203175361,93.15059164299674,93.15059164299674,-0.2852209205656475,0.08089325142716675,0.08089325142716675,-0.36611417199281426,0.0,0.08425514769925305,12.101981,7.3214664
crd_458325805fc445799aabfe4c4046f89b,527800,Beast,Relentless,Rise of the Floodborn,Enchanted,83.47549067382029,0.09146966481974911,77.78010017580499,67.32972208833449,76.19239698051715,0.07066744724091834,0.2149512889621663,0.09129138334956632,-0.14428384172124797,0.12365990561260023,0.09558819491091045,12.640397,7.3865347
crd_3f0711ce8e06486a8bde68218e75d360,528111,Alice,Growing Girl,Rise of the Floodborn,Enchanted,144.6292331207519,0.08519070594314865,116.77115423012961,129.74832642850518,129.74832642850518,0.21395738203413206,0.10857683118778816,0.10857683118778816,0.1053805508463439,0.0,0.11469054824723689,11.975599,4.9319906
crd_5739e1f6076840cd901a1bc283ca6e96,510154,Mickey Mouse,Wayward Sorcerer,The First Chapter,Enchanted,278.71608482268226,0.0735152709605426,84.70675818583486,228.3854710707565,247.97907772644075,1.1909982584202679,0.1991587825902581,0.11684926797467554,0.9918394758300098,0.0823095146155822,0.12395000166162877,14.7065735,6.154099
crd_74f050d47ef34391ba29b8c521450dac,561993,Prince Naveen,Ukulele Player,Shimmering Skies,Enchanted,77.1392066584965,0.0918970033049807,109.21008458074148,68.2620663082546,68.2620663082546,-0.34766174039756415,0.12225745412587585,0.12225745412587585,-0.46991919452344,0.0,0.1300449990797954,12.510301,5.6134324
crd_2e1d43823fc642549ba92787523ce17f,539163,Morph,Space Goo,Into the Inklands,Enchanted,53.36594523522886,0.11013783980369944,108.98208367496716,47.00624770286246,47.00624770286246,-0.7140106859117723,0.12689229012891357,0.12689229012891357,-0.8409029760406859,0.0,0.13529472874685816,12.5255575,7.0507846
crd_789d5871174e4da293165a39bdfece14,677170,Darkwing Duck,Cool Under Pressure,Winterspell,Enchanted,118.4851218070253,0.10838589490591352,157.34852761147152,103.31142439219921,103.31142439219921,-0.2836758677347406,0.13703943400121865,0.13703943400121865,-0.4207153017359593,0.0,0.14687337343469833,12.969618,6.108854
crd_4ea909f6818d4776ae936aa51aed88b8,632228,Mushu,Your Worst Nightmare,Reign of Jafar,Enchanted,111.00970573471254,0.11058013178215123,108.3935585554939,96.26796954802057,96.26796954802057,0.02384897222109128,0.14248198419616465,0.14248198419616465,-0.11863301197507337,0.0,0.15313230616480877,12.929656,6.2025375
crd_4656262d1cbc478aab92978dc7729663,657889,Hades,Looking for a Deal,Whispers in the Well,Iconic,871.747148646398,0.11228215038980088,860.6330868196835,735.8827378463689,754.2506911821029,0.012831148823091887,0.16942863225452776,0.14477462028970223,-0.15659748343143587,0.02465401196482553,0.15577905176347717,13.426738,3.592626
crd_aa7db27471b142cfa97cd5ca3409669d,619736,The Glass Slipper,,Archazia's Island,Enchanted,85.37668155223488,0.08744190461873134,56.36166102408925,73.29532457185836,73.29532457185836,0.415283855490193,0.15257619174315185,0.15257619174315185,0.26270766374704113,0.0,0.16483120923398098,15.282736,8.052977
crd_016db7e8b21348aca4b407fb6d2ce26d,550838,Snuggly Duckling,Disreputable Pub,Ursula's Return,Enchanted,33.727920172218134,0.15123474916883134,34.2260318726599,28.93277525271334,28.93277525271334,-0.014660534290309446,0.1533509417941974,0.1533509417941974,-0.16801147608450684,0.0,0.16573401195086193,10.126499,7.6004314
crd_4cf391db31ba468f948bad5a20b0bc16,527802,Cinderella,Ballroom Sensation,Rise of the Floodborn,Enchanted,166.33792705198812,0.06262086130766946,83.11708051680448,122.90293205570669,141.39553499498058,0.6937712017900113,0.3026265507142547,0.16246024840694773,0.3911446510757566,0.14016630230730717,0.1764015536833816,11.759798,5.2921796
crd_79195cfde0ae4948894c37bef02d9e6f,550719,Ariel’s Grotto,A Secret Place,Ursula's Return,Enchanted,24.35652777071953,0.25719365702146213,59.99043156509584,20.64493770145302,20.64493770145302,-0.9013851810553479,0.16532975281031037,0.16532975281031037,-1.0667149338656583,0.0,0.17978209103558027,10.057621,7.689706
crd_7e0b8f2e97fc4d6ca8badbb552024f58,651114,Jasmine,Fearless Princess,Fabled,Enchanted,209.16298873675427,0.09518573487870283,123.3485500333253,131.23985159778056,176.61009242605988,0.5280997104463445,0.46608722113203793,0.16916936341218758,0.062012489314306585,0.29691785771985,0.1843207025347269,13.372238,5.8715563
crd_0d38ed42e8f14a299f6efefb250350d3,619745,Belle,Mechanic Extraordinaire,Archazia's Island,Enchanted,141.16889739697194,0.11488261360686934,115.5239140561479,114.41415575434044,119.07305817397356,0.20047947076732076,0.21013221700083218,0.17021978843676777,-0.009652746233511422,0.039912428564064156,0.18556539625206325,11.344985,4.48018
crd_3c235410b79145c080fa8e3b000a2c60,660029,Cinderella,Dream Come True,Whispers in the Well,Enchanted,537.6191395118943,0.06410638804505842,215.38121238434266,393.82337497738183,452.2128499035329,0.9147408514130291,0.3112478684179454,0.17299741448923633,0.6034929829950837,0.13825045392870924,0.18886303126189463,11.339147,4.242727
crd_e97e4b9894fe4c9798b0d925092d3eea,527799,Snow White,Well Wisher,Rise of the Floodborn,Enchanted,125.6926572800579,0.0931991991009795,90.30691145872781,88.04671425404082,105.68773851297493,0.3306257029020996,0.35597218182603374,0.17335081582054634,-0.025346478923934157,0.1826213660054875,0.18928325128867277,12.343173,5.8209734
crd_7f8ab8154a444fb69a3eed9c7647b623,632245,Kuzco,Impulsive Llama,Reign of Jafar,Enchanted,138.87546874502482,0.09844842942767401,132.39298201263713,116.11880868104151,116.11880868104151,0.04780298710461306,0.1789637435298772,0.1789637435298772,-0.13116075642526415,0.0,0.19597738146360044,13.833151,6.5089297
crd_eaf7db4a652b47939bddb0db4c9030e9,550544,Cinderella,Melody Weaver,Ursula's Return,Enchanted,83.81556816624722,0.14629821402894394,74.433813091253,60.893003064625184,69.79307644343132,0.11870845224508031,0.3195004919649369,0.18308395438000336,-0.2007920397198566,0.13641653758493336,0.20091522594195163,12.280282,5.75763
crd_cf079ada81bd48cdb9290647f227982c,633103,Rapunzel,High Climber,Reign of Jafar,Enchanted,210.95537199488578,0.10969365736787623,163.97698206264735,175.55196729643924,175.55196729643924,0.2519205392748205,0.1837114949467935,0.1837114949467935,0.06820904432802699,0.0,0.20166908547748666,13.041377,7.0069833
crd_865641f3cac34a65a36bb2404f4e39dd,592037,Tigger,In the Crow's Nest,Azurite Sea,Enchanted,130.7663351146562,0.10186343630589935,104.12830452780472,107.52391581589704,107.52391581589704,0.22778819295192587,0.19569873356638734,0.19569873356638734,0.03208945938553853,0.0,0.21616046181349022,11.159992,7.304919
crd_a1af7dad15b64d31a696f7bbb49bfe92,539165,Kuzco's Palace,Home of the Emperor,Into the Inklands,Enchanted,28.677927616098366,0.1142582070132845,23.549769076742468,23.528508937883437,23.528508937883437,0.1970117395118498,0.19791492209204753,0.19791492209204753,-0.0009031825801977256,0.0,0.21885869146275608,10.269945,7.5269694
crd_4dfb12a1e5844317a783074a548bc8c7,592031,Tiana,Restaurant Owner,Azurite Sea,Enchanted,84.8339795322888,0.11251738550389777,88.5181467556848,69.20000979954297,69.20000979954297,-0.042511414511286816,0.2036951603344388,0.2036951603344388,-0.2462065748457256,0.0,0.22592438610968357,11.649239,6.62766
crd_d0659baf8fad4748ae9abf7260279d8c,675395,Freeze the Vine,,Winterspell,Enchanted,169.6941566599453,0.08133661996653312,96.43471610182642,138.3814230917583,138.3814230917583,0.5651314759695598,0.20398393033523554,0.20398393033523554,0.3611475456343243,0.0,0.22627844741431846,12.26996,10.438416
crd_3694abe0d09349ca9dbef6861ea42f5a,550541,We Don't Talk About Bruno,,Ursula's Return,Enchanted,59.87675389985122,0.13085133691220568,68.80877400940051,48.63252134945962,48.63252134945962,-0.1390429180218602,0.20799587730721836,0.20799587730721836,-0.34703879532907855,0.0,0.23120809364568415,13.313369,9.448777
crd_7a288d030d1a471fbb818ccfdddc6052,539156,Chernabog,Evildoer,Into the Inklands,Enchanted,64.08806276765739,0.09132178687014635,83.58589620909373,51.68163756267618,51.68163756267618,-0.26561668191509913,0.21515557275368202,0.21515557275368202,-0.48077225466878115,0.0,0.2400548007004518,12.097178,5.966232
crd_72fe56f4aa85484284d8e3632d06ad9b,510159,Aurora,Dreaming Guardian,The First Chapter,Enchanted,149.0900350985645,0.08306858875451961,107.84662583488273,114.66412878653514,119.64924519130406,0.32384029923515545,0.26254315007412465,0.21998587999660923,0.061297149161030795,0.04255727007751529,0.24605913610393715,12.171256,4.5580983
crd_aed92d8e19b14ef19a92fb436dde357c,651118,Genie,Of the Lamp,Fabled,Enchanted,208.49245153663398,0.08912143992645813,152.3189652868711,162.48716904762907,163.53394327317037,0.3139260589243946,0.24930379797684754,0.24288226401445456,0.06462226094754708,0.006421533962392597,0.2749185114943632,13.116324,7.175292
crd_b5087f60fdf4442686a00fb4243fcf48,651113,Max Goof,Chart Topper,Fabled,Enchanted,228.41090213130022,0.08673015946629643,181.1995583702751,178.28296110556633,178.28296110556633,0.23154725291082467,0.2477742520286288,0.2477742520286288,-0.01622699911780412,0.0,0.2811706778644524,13.286601,7.1074142
crd_7c421033c14c40e7a5be957ba42bb1b7,539167,RLS Legacy,Solar Galleon,Into the Inklands,Enchanted,24.971742625697697,0.1138082792469331,28.120063312146016,19.415215617548075,19.415215617548075,-0.11873842780772526,0.25168782178932814,0.25168782178932814,-0.3704262495970534,0.0,0.2861944527223,10.332939,7.6218305
crd_c1cd26316f4948a382770ffb29440699,592030,Chip 'n' Dale,Recovery Rangers,Azurite Sea,Enchanted,83.24213569638056,0.13776700390215793,116.92086259011053,64.55183840279409,64.55183840279409,-0.339743659536591,0.25428506111055516,0.25428506111055516,-0.5940287206471462,0.0,0.2895393493979479,11.970867,6.0227017
crd_d5c56759b4164f8d98eac7c93c8514b2,633053,Lady,Decisive Dog,Reign of Jafar,Enchanted,163.73059723347038,0.09840213195742584,136.7724462014071,126.15633738867918,126.15633738867918,0.1799038090725551,0.26070046656265067,0.26070046656265067,-0.08079665749009557,0.0,0.2978388610714611,11.312465,6.0122232
crd_715c77fe8d9b410d8194beea91b7163d,660041,Can't Hold it Back Anymore,,Whispers in the Well,Enchanted,284.8297560994866,0.12849395566397034,198.4517535590656,213.50194288243955,213.50194288243955,0.3613456392999881,0.2882457219872787,0.2882457219872787,0.07309991731270937,0.0,0.33408507788766234,13.338854,9.98826
crd_c51b6a26015b45f298d1664787f37234,651121,Belle,Accomplished Mystic,Fabled,Enchanted,292.06818004225073,0.09195459476549547,153.31032118857937,214.2136583769919,218.92432968508987,0.6445231579612409,0.31001334772910294,0.2882611247519975,0.334509810232138,0.021752222977105842,0.3341056266444853,14.451027,6.265724
crd_87abaabc59344ef1bfed548f0b6753bf,673068,Ohana Means Family,,Winterspell,Enchanted,292.8752391920048,0.07594012987922555,157.54884887342317,212.0690194056909,212.0690194056909,0.6200111517750946,0.32283492860882124,0.32283492860882124,0.29717622316627335,0.0,0.38103736233028235,11.825075,10.203018
crd_fe0bc499ead74e4f8a5d2b0e6037cf91,660028,"Next Stop, Olympus",,Whispers in the Well,Enchanted,94.56146086565937,0.12905646572967372,81.75931971430815,68.44213941547456,68.44213941547456,0.14547019672431016,0.32326129436648277,0.32326129436648277,-0.1777910976421726,0.0,0.38162631491731713,11.696223,9.739541
crd_a8b66e0b4abe48f58f9c47dc25593197,633098,Jasmine,Steady Strategist,Reign of Jafar,Enchanted,184.3406878569302,0.15052070145425628,116.43198568988818,101.83879889397986,133.2222148789753,0.4594783213169462,0.5933944498864392,0.32476708744534477,-0.13391612856949298,0.2686273624410942,0.3837083254049864,12.452535,4.924196
crd_1a6358dd0385477eb83213749cb5d38f,633104,Stitch,Experiment 626,Reign of Jafar,Enchanted,328.6806964683619,0.0883395002710118,150.52297171937565,235.18574228165227,237.4884775543182,0.7809710434964936,0.3347111574106396,0.32496764530986155,0.446259886085854,0.009743512100778062,0.3839858668224704,11.61109,4.274859
crd_c2a0cc56159841db921d13a52589d13a,660012,The Headless Horseman,Terror of Sleepy Hollow,Whispers in the Well,Enchanted,213.13634757616052,0.10124632227654239,146.20946583061715,153.62478036124602,153.62478036124602,0.3768917993962768,0.3274189522014215,0.3274189522014215,0.04947284719485534,0.0,0.38738260243545386,10.865042,6.569655
crd_fbccd8fc95fa45009665824b0731c3d3,649236,Lilo,Best Explorer Ever,Fabled,Enchanted,126.98217913014128,0.1038044541888363,126.57005102447228,96.88380026297325,91.07020955115317,0.003250836865943185,0.27053442983073506,0.3324160122356412,-0.26728359296479187,-0.061881582404906155,0.39433278737342464,13.6168,5.522144
crd_fbad358f2f804554838545c738341380,677169,Angel,Experiment 624,Winterspell,Enchanted,180.33418766779218,0.07555043577480502,169.96603273145638,127.58676012473441,127.58676012473441,0.05921311807242624,0.3460151229472723,0.3460151229472723,-0.2868020048748461,0.0,0.41342399079253656,13.638836,5.189637
crd_b42271147bf14a5e89d33571e64abb6d,510163,Tinker Bell,Giant Fairy,The First Chapter,Enchanted,138.6768250405553,0.08473586840151169,75.04064140890522,96.76519651169286,96.76519651169286,0.6141163741924816,0.359858836949952,0.359858836949952,0.25425753724252953,0.0,0.4331270956887679,12.776382,5.467005
crd_ed9fc60aa63a4eafa4116188e41910f2,658215,Demona,Scourge of the Wyvern Clan,Whispers in the Well,Enchanted,163.58642699134174,0.10432517658168225,141.76840436884345,113.98855093780732,113.98855093780732,0.1431466851292642,0.3612434431453764,0.3612434431453764,-0.21809675801611217,0.0,0.4351127867271097,14.044049,6.179715
crd_a44f1da598c94ec18b4060bb1e932c66,632208,Mother Gothel,Knows What's Best,Reign of Jafar,Enchanted,81.58735502966293,0.12267340948037445,79.87386732440841,56.56835321664872,56.56835321664872,0.02122555509522961,0.3662245887007822,0.3662245887007822,-0.3449990336055526,0.0,0.44227912587794477,13.957302,5.982449
crd_bbb647e1cbe3487baa2ad65b27a999ba,539157,Pride Lands,Pride Rock,Into the Inklands,Enchanted,48.762533206372645,0.09792659418545528,25.41037707999094,33.74246570673643,33.74246570673643,0.6518046187658473,0.36820510173605836,0.36820510173605836,0.2835995170297889,0.0,0.4451384089763648,10.235513,7.300411
crd_8941521977e54d6fa2baaae91d13fb6e,660035,Goliath,Clan Leader,Whispers in the Well,Enchanted,110.29440662871649,0.09871005118833667,84.99031923370816,76.31359933112552,76.31359933112552,0.2606158558091627,0.368302057028588,0.368302057028588,-0.10768620121942529,0.0,0.4452785295861605,13.565291,6.1086216
crd_8016f590ebb344a2934d76f614fedbba,651122,Beast,Gracious Prince,Fabled,Enchanted,287.99261336239766,0.0712162098543302,154.58949831096908,186.81618436582136,198.6490730703288,0.6221616260445568,0.43280966964410084,0.37139501565491084,0.189351956400456,0.06141465398919037,0.4497556364657088,11.959492,5.5505514
crd_a209d31e37bc44e78b2f56cf474bde5d,631988,Wrong Lever!,,Reign of Jafar,Enchanted,81.41499394945606,0.1548814373858263,76.13955393206369,55.612836910461894,55.612836910461894,0.06699156448461441,0.3811454026063785,0.3811454026063785,-0.3141538381217641,0.0,0.4639604536006013,12.138722,9.987328
crd_b30562a95420404b911886bcfc9e7a9c,677166,Scrooge McDuck,Reformed Ebenezer,Winterspell,Enchanted,174.1572357720375,0.1309260426121849,210.65639102128753,117.51383229578092,118.01209012659488,-0.19026978246396808,0.3934024967056846,0.38917146711037987,-0.5836722791696527,0.004231029595304493,0.4757575735266966,11.947338,4.071666
crd_ee377c93c09341fe808b8582cbded0f2,649230,Circle of Life,,Fabled,Enchanted,428.86048564169533,0.07463845081825311,179.59585326369938,287.6676347128366,287.6676347128366,0.8704225908725514,0.39932589016596776,0.39932589016596776,0.4710967007065836,0.0,0.4908193828263096,13.792656,10.132007
crd_d72f9b00497a4ff0ac7ddb0f85da659d,651112,Mickey Mouse,Steamboat Pilot,Fabled,Enchanted,560.478647960062,0.07935945452581376,180.62974373690383,349.2491689480425,365.61549963877366,1.132341825731805,0.4730055285558352,0.42720891340233,0.6593362971759698,0.04579661515350525,0.5329728868546658,13.511793,7.4747396
crd_7c621010e3e6471d9916eee4bcd0b11d,510157,Aladdin,Heroic Outlaw,The First Chapter,Enchanted,111.32276455730471,0.09784988908056097,65.37160932349356,71.41786072256446,71.41786072256446,0.5323457146690842,0.44388578243735743,0.44388578243735743,0.08845993223172677,0.0,0.5587524385497632,11.835845,7.327261
crd_050ae6da90154532905911c8c2569802,651117,Hades,Infernal Schemer,Fabled,Enchanted,237.68065493246684,0.09519733694752992,156.38924894241217,155.69322236927363,150.83452583862854,0.4185799017015075,0.4230404388425235,0.4547446061194744,-0.004460537141016019,-0.03170416727695131,0.5757708893967107,12.029195,4.3528037
crd_e3dbc3e8ae3543059ee67af1d144c576,677165,The Cold Never Bothered Me,,Winterspell,Enchanted,281.5002894293057,0.08389910112662773,128.4737992356097,177.80808036319257,177.80808036319257,0.7844084892009562,0.4594287073379526,0.4594287073379526,0.3249797818630036,0.0,0.5831692736028102,13.743968,9.638767
crd_862f8b58a6e247cd865509856286449e,677160,Anna,Soothing Sister,Winterspell,Enchanted,222.35824607789004,0.11192140586400277,141.43274535432377,148.35845210577907,139.04440993167933,0.45246549605091246,0.40465848309439156,0.4694964242809725,0.0478070129565209,-0.0648379411865808,0.5991886778270894,14.897975,5.8421335
crd_3d02b1019aa34f70b5e0da64191d9326,651108,Scar,Finally King,Fabled,Enchanted,262.35912809840954,0.09032291562778051,134.72279373146887,165.71573147190543,163.1714817955093,0.6664949955208046,0.45944042371124727,0.4749125997572694,0.20705457180955733,-0.015472176046021753,0.6078736627960808,13.468384,5.403571
crd_5a2ba6e63b07496d96a17d2565b2a1db,539162,The Sorcerer's Hat,,Into the Inklands,Enchanted,65.8340743054356,0.12566550387292938,46.42572758689526,40.089027285316476,40.089027285316476,0.3492837714582846,0.4960348877968288,0.4960348877968288,-0.1467511163385442,0.0,0.6421968494493466,14.951682,7.7493997
crd_54e413e671dc4fa3872b3481db960d47,551944,Jasmine,Desert Warrior,Ursula's Return,Enchanted,129.51739419621285,0.12735444234608675,82.02126879188785,61.62571781350273,77.98524574811984,0.4568366010941274,0.7427359098528861,0.5072955385154465,-0.2858993087587587,0.23544037133743934,0.6607935636252762,12.639182,7.7802644
crd_b35b509f95d441c1bd11ec67d755db5d,675515,Elsa,Ice Artisan,Winterspell,Enchanted,555.933388048058,0.0772580340747655,124.64277773148235,223.7371728792266,333.82996317921595,1.4951966134946,0.9101764538067636,0.5100167103369175,0.5850201596878364,0.40015974346984606,0.6653190227553251,11.374273,6.813557
crd_b29e4a26e9324724aab37e97a7738476,591998,You Came Back,,Azurite Sea,Enchanted,111.41395182467186,0.07988921715501977,39.57417355243159,66.55418156520707,66.55418156520707,1.0350758379700142,0.5152361841433839,0.5152361841433839,0.5198396538266303,0.0,0.6740338353573322,12.774017,9.308879
crd_77b92f4bb7d2460ea85b9d547cb8e72f,651106,Minnie Mouse,Sweetheart Princess,Fabled,Iconic,2358.0739644501805,0.11517777050361132,1238.8304590644636,1431.909091890215,1397.7627266483664,0.6436774127038225,0.4988365858681236,0.5229722630950615,0.14484082683569888,-0.024135677226938004,0.6870345155822706,13.40182,3.523266
crd_1cda76d2cbe84ccda25bd2dc1b21844b,619738,Jafar,Newly Crowned,Archazia's Island,Enchanted,117.47216858100509,0.13608883802844268,93.5419505346307,80.00228587895101,68.69378549868257,0.2277914378948651,0.3841462346347724,0.536542705785104,-0.15635479673990726,-0.1523964711503313,0.7100843653936934,13.860105,5.5934134
crd_222e3894d8c04d2899b047a97912b5c6,562007,Snow White,Fair-Hearted,Shimmering Skies,Enchanted,184.00097334236975,0.08037742449027205,99.73650061060034,97.10241696391981,107.4980388498988,0.6124093331119944,0.6391747810192063,0.5374684433546255,-0.026765447907211914,0.10170633766458106,0.7116681877265982,13.420954,5.25935
crd_be9c85638bda44878c44cf4cc7e7cfb0,649231,Powerline,World's Greatest Rock Star,Fabled,Enchanted,204.49963671427918,0.09467252829172443,128.2775926909872,117.71287738784649,117.71287738784649,0.46636959042504245,0.5523177821785934,0.5523177821785934,-0.08594819175355095,0.0,0.7372749800387869,11.043476,6.6862593
crd_6527615670294d2a8a23873bc964cec0,633099,Bambi,Little Prince,Reign of Jafar,Enchanted,222.39044805338227,0.09460063925999856,162.01676969259515,124.94328843155647,124.94328843155647,0.31673476555794977,0.5765746702486663,0.5765746702486663,-0.2598399046907165,0.0,0.7799311259140345,13.907334,7.109366
crd_7a1524eb2f994287ab6de2e677431724,591999,Baymax,Personal Healthcare Companion,Azurite Sea,Enchanted,134.69093186282416,0.1129429751838985,92.44473206667692,74.01635615441602,74.01635615441602,0.376371785383137,0.5986966622669101,0.5986966622669101,-0.22232487688377311,0.0,0.8197455111384612,11.110513,5.4144564
crd_d2d94d7cffe349d9a618f8bdb6695f29,651116,I2I,,Fabled,Enchanted,479.3190192280578,0.08334663406905743,190.9799666278922,258.41285796302714,258.41285796302714,0.9201978508579307,0.6178078560492981,0.6178078560492981,0.3023899948086326,0.0,0.8548574672574427,14.007397,9.652202
crd_1f6ec070467643d195c82c92cf93c955,632720,Into the Unknown,,Reign of Jafar,Enchanted,358.212284938107,0.10904981017651935,173.9765072057634,189.19580615549265,189.19580615549265,0.7222055113079202,0.6383432951732102,0.6383432951732102,0.08386221613471001,0.0,0.8933415714495612,13.610533,10.155035
crd_e6a1d03334964fb78033020d86a5f502,651123,Ariel,Adventurous Collector,Fabled,Enchanted,842.9684411501379,0.06936111335783392,173.84679302435393,348.25528251341643,432.303522627329,1.5787551094562193,0.8839937396589743,0.6678015807314317,0.694761369797245,0.2161921589275422,0.9499458066568337,10.86936,6.428863
crd_0fa2b60dcf3d46fbb5e61428e33d7d7d,619748,All Is Found,,Archazia's Island,Enchanted,265.60180026279744,0.0754541660960789,111.35348341700512,129.3800879063026,129.3800879063026,0.8692885189695962,0.7192437056188341,0.7192437056188341,0.15004481335076214,0.0,1.0528800417506825,13.506399,9.915834
crd_94501fb9ecad49e9a81cd51f7c31dac7,550549,Ariel,Sonic Warrior,Ursula's Return,Enchanted,173.49366005959607,0.08974821562380636,55.13084216152807,68.52479882636051,84.21715304781866,1.1464317488700315,0.928945350861472,0.7227424388678179,0.2174863980085595,0.20620291199365384,1.0600751008655687,13.358017,5.785355
crd_80cf71e223cf491796609458b2866665,510162,Simba,Returned King,The First Chapter,Enchanted,153.38145646399016,0.0843665514093144,57.72638997362909,68.65950466096972,73.57117438962126,0.9772135638978039,0.8037684244519037,0.7346747013756998,0.17344513944590023,0.06909372307620387,1.084803698411912,12.973489,5.6614532
crd_07d1ea2923ad44b9b2dddf78993e103b,619740,Tramp,Enterprising Dog,Archazia's Island,Enchanted,143.1485555639693,0.09969685008635185,90.34101864660192,66.97592616634437,66.97592616634437,0.46029133526487165,0.7595496972530178,0.7595496972530178,-0.29925836198814615,0.0,1.137313565600261,13.366492,7.7087684
crd_9a1fff8a9426484ebc7fae9cb8605572,660011,Spooky Sight,,Whispers in the Well,Enchanted,592.2914752928164,0.06924340800394228,138.481556454702,271.1634933646032,271.1634933646032,1.4532617202617333,0.7812769351118023,0.7812769351118023,0.671984785149931,0.0,1.1842596433009822,11.898635,10.114909
crd_f2493d13b19a45559af0e7ce96f079bc,619747,Tamatoa,Happy as a Clam,Archazia's Island,Enchanted,205.37357244952594,0.08363697924349965,114.88203645120245,113.13539344631154,93.84793487012239,0.5809247934759494,0.5962453518192996,0.7831548671776316,-0.015320558343350221,-0.18690951535833225,1.1883653884738712,11.6809845,4.3346195
crd_4d10d4cd91454ff389318fd9a19a879f,647663,Mickey Mouse,Brave Little Prince,Fabled,Iconic,3495.4441844330277,0.11395065315055723,723.9201433904985,1456.5653648706602,1445.1714361690642,1.5745346508717102,0.8753792845534223,0.8832325035329287,0.6991553663182879,-0.007853218979506357,1.4187055576596044,13.330114,3.5794952
crd_7896cd21215c42609fc262c908068d94,619743,The Return of Hercules,,Archazia's Island,Enchanted,81.3082283163355,0.26860564335205794,96.56958059470183,31.12651103555392,31.12651103555392,-0.17201657021541017,0.9601873198019466,0.9601873198019466,-1.1322038900173568,0.0,1.6121857417126528,12.058584,10.051124
crd_ca78ff510359490a862b871b577a5fec,562021,Mufasa,Ruler of Pride Rock,Shimmering Skies,Enchanted,305.22330236518167,0.08002259644702374,79.18796541551369,114.56714088978622,114.56714088978622,1.3492193121764942,0.9798826131710179,0.9798826131710179,0.3693366990054763,0.0,1.6641434882171577,11.818017,4.278732
crd_a288e4ad2fa24cadada391a6d1896d9c,631992,It Means No Worries,,Reign of Jafar,Enchanted,286.682416024002,0.12947691481172074,115.0500651496391,102.87548537094382,102.87548537094382,0.9130076559353197,1.0248556616377584,1.0248556616377584,-0.11184800570243869,0.0,1.7866932048028292,13.888425,9.938539
crd_aa13ad9fe176464bac51e72c45dd6914,651119,Dumbo,Ninth Wonder of the Universe,Fabled,Enchanted,572.9167788262831,0.07886227296212434,195.86182885406174,203.14009316851696,203.14009316851696,1.073331012709457,1.0368446133631082,1.0368446133631082,0.0364863993463489,0.0,1.8203038104891196,14.283727,6.8748264
crd_758bab20496f4673991e53ac59f1bcaa,675279,Eeyore,In the Way,Winterspell,Enchanted,585.0604642973142,0.06777952152143664,209.84776348121562,204.42203982404928,204.42203982404928,1.025332867643284,1.0515285202195184,1.0515285202195184,-0.02619565257623435,0.0,1.8620224355499488,14.866972,5.6864815
crd_cbc18e77d7ec4d50bf19650a9a559686,510153,Elsa,Spirit of Winter,The First Chapter,Enchanted,674.783814034766,0.061750219045864384,82.35161196345632,166.30663146544742,215.69894822846638,2.1033943330961957,1.4005591021444612,1.1405086867711,0.7028352309517345,0.260050415373361,2.1283593155032037,14.590462,5.5858693
crd_69d9b22e10244e2fb65ffbdb5f99da83,651107,Winnie the Pooh,Hunny Wizard,Fabled,Enchanted,1395.1335018078557,0.07149511810490036,243.7136152351191,283.93406546574715,283.93406546574715,1.7447515619915004,1.5920033425431734,1.5920033425431734,0.15274821944832695,0.0,3.9135826640574765,14.311503,6.7412767
